order_id,refund_id,customer_id,customer_name,customer_email,refund_status,refund_amount,refund_reason,refund_date
cb2af769-590c-4df6-9463-0900b75440ff,9100000000001,00ff51b5-a028-4151-adc9-6d4cb0ae64da,Customer 152,customer152@test.com,success,21.53,damaged,2026-01-22 09:42:28.849518
32f452e2-c266-4315-ac2d-a93a00812223,9100000000002,0227e815-ac9d-44fa-b6ad-84e4dc3d09e4,Customer 892,customer892@test.com,success,83.13,not_as_described,2025-10-13 14:42:00.083510
663e11d7-facf-44a8-8044-5879221629d3,9100000000003,0227e815-ac9d-44fa-b6ad-84e4dc3d09e4,Customer 892,customer892@test.com,success,0.79,damaged,2025-03-20 17:00:26.143067
664f434e-7e0a-4624-96ba-d1b67d24e16c,9100000000004,027badce-4dfe-4821-925f-20e24a0b4e5c,Customer 36,customer36@test.com,success,82.02,wrong_item,2025-03-03 14:12:47.422277
9937feaa-d020-48e6-9046-dc73fde57711,9100000000005,03aade44-1d98-47ba-aa07-6d0f0cee5380,Customer 543,customer543@test.com,success,12.47,customer_return,2025-11-05 03:10:07.018527
339dc9e3-414f-4456-a995-e5f1965f0495,9100000000006,04158de5-6281-48a4-b30b-9f67821ed3e6,Customer 511,customer511@test.com,success,36.65,wrong_item,2025-07-07 04:35:21.310097
00ca169f-d4ce-4c5e-9dca-4a84328c552b,9100000000007,04b1cf97-da37-43e3-9e4f-8d17f191f035,Customer 937,customer937@test.com,success,35.07,customer_return,2025-10-27 14:58:37.216543
cc10ad3a-7601-47e2-8b9e-2883f6b091da,9100000000008,0505d6d5-cf10-4d5f-9010-284f1c12087a,Customer 790,customer790@test.com,success,70.38,damaged,2025-06-16 20:51:02.885399
33b4f572-ce6c-4f58-a883-1cd91a8cec06,9100000000009,0505d6d5-cf10-4d5f-9010-284f1c12087a,Customer 790,customer790@test.com,success,59.67,customer_return,2025-07-23 08:38:12.394403
66bc7d8c-7bcc-484c-93eb-96bcb7728b22,9100000000010,057d2020-c02c-4586-bb0c-e40fb8569dda,Customer 4,customer4@test.com,success,64.53,damaged,2025-04-26 20:37:49.666064
66c33e36-1f4e-4c71-bb3e-7a1d67be9666,9100000000011,05852023-a047-4f53-99ff-f1d0b3431fb2,Customer 899,customer899@test.com,success,120.28,customer_return,2025-05-06 12:01:05.302623
340b80d5-6d64-4ceb-82fe-4719523823ec,9100000000012,064e5d9b-c13f-4a97-8bb6-1c24d8c8a9ec,Customer 550,customer550@test.com,success,109.85,wrong_item,2025-07-08 17:40:01.927336
9a2a5ec2-b6d2-467e-8670-5fe1634d6672,9100000000013,0698b472-f31a-4357-bd9c-936ae362103e,Customer 895,customer895@test.com,success,100.84,customer_return,2025-02-17 11:46:51.083436
cc752732-c1f9-4343-a78c-063558c171ff,9100000000014,0698b472-f31a-4357-bd9c-936ae362103e,Customer 895,customer895@test.com,success,80.51,customer_return,2025-12-20 00:49:32.731074
cc76830f-db15-4532-8460-e968e2d0cde5,9100000000015,076e3891-d717-4fa7-bace-60293d9fc850,Customer 567,customer567@test.com,success,28.65,not_as_described,2025-11-05 18:36:41.075809
9a31b79b-67ee-4679-abdd-36387ea0c3f2,9100000000016,07a52feb-2203-4c74-aa5e-e8a9ef229dd1,Customer 318,customer318@test.com,success,62.92,customer_return,2025-06-22 04:55:12.995247
9a389edd-9c30-47a9-bf7c-815cccfdcff9,9100000000017,08af1c66-b71c-4937-9da8-dfa883d06b04,Customer 907,customer907@test.com,success,161.66,wrong_item,2025-06-21 13:09:25.122717
ccb3eaed-bd28-4009-beaa-5e0a2cfeb9bc,9100000000018,0973c930-0a99-44ea-a44a-10b34dcd3eeb,Customer 611,customer611@test.com,success,30.74,wrong_item,2025-12-28 21:27:19.207519
01a8e721-720e-474d-826a-dcaa5b05dece,9100000000019,0a05feb3-5395-4c63-b2c2-38881c195cd8,Customer 141,customer141@test.com,success,47.91,damaged,2025-09-16 10:59:12.448719
9a97be82-9792-4a9e-ab08-b143c470f51a,9100000000020,0b372bf3-6ada-4979-a09f-f388dd809393,Customer 741,customer741@test.com,success,138.96,damaged,2025-07-11 22:56:15.230590
9ab15c39-f22d-48d1-a777-15cb987d1875,9100000000021,0cfb621d-b416-4297-8abe-27f75d420618,Customer 604,customer604@test.com,success,60.15,customer_return,2025-05-29 02:40:13.741499
cd084b9d-d67c-4882-8aa7-8179ff8fbc7d,9100000000022,0d488ec8-9f1e-4055-b383-f2a08572d728,Customer 742,customer742@test.com,success,183.00,wrong_item,2025-11-13 21:17:03.591063
cd2281fa-5e2a-44ae-9d4a-a3f93e69bfee,9100000000023,0d75ab2d-d09e-4a57-983a-05fe058465a9,Customer 223,customer223@test.com,success,16.39,damaged,2025-12-01 10:13:43.516954
026ef195-f09d-4ae5-9fc7-6c7b307da889,9100000000024,0da72d6e-fe22-4503-8ce3-020aa6b30747,Customer 638,customer638@test.com,success,110.42,damaged,2025-05-17 03:59:46.446613
67f431ac-90d1-4f5c-bc0b-688ddd9f231b,9100000000025,0dadaf58-aecd-4208-aa16-44dba1db3771,Customer 682,customer682@test.com,success,53.35,damaged,2025-08-01 04:22:09.277172
cd6817c4-038d-4097-84a1-0365add80a70,9100000000026,0ee0ed13-cb73-4b5f-b34e-9a3acb5b9ef6,Customer 950,customer950@test.com,success,35.15,damaged,2026-01-15 16:57:31.755147
6826f80b-6479-484e-98cb-49ab2cd8c931,9100000000027,10192d20-038b-420d-adf1-f71c0045a410,Customer 496,customer496@test.com,success,61.47,not_as_described,2025-12-27 11:28:14.051819
9b7afc16-5541-4724-9f7c-9d8bd838b618,9100000000028,10192d20-038b-420d-adf1-f71c0045a410,Customer 496,customer496@test.com,success,15.01,not_as_described,2025-09-12 19:04:14.749436
cdb099cc-2943-48e1-95e8-80a037d1f304,9100000000029,10e62b65-e676-4dba-a809-b4297e55ecbe,Customer 107,customer107@test.com,success,124.09,damaged,2025-12-26 04:55:57.050292
cdb3fdd1-6ac4-4616-8495-4172e55d51d3,9100000000030,1102558b-f7a6-47f6-b622-d5c9ba927476,Customer 396,customer396@test.com,success,74.51,customer_return,2025-07-15 23:36:34.508590
cddaf900-5f14-4d73-b155-e8ede1a45d2f,9100000000031,12323b14-f560-4895-91b9-997f6d415510,Customer 956,customer956@test.com,success,160.75,wrong_item,2025-07-01 19:13:27.997939
35c75ad9-a7a5-4a44-9842-12ff37e86fe4,9100000000032,127b13eb-a855-44b3-9272-46084f5ff556,Customer 923,customer923@test.com,success,85.64,customer_return,2025-12-08 13:36:42.694708
033471a4-b126-4369-9a25-d9047b56cb18,9100000000033,127b13eb-a855-44b3-9272-46084f5ff556,Customer 923,customer923@test.com,success,87.70,customer_return,2025-12-01 00:17:01.104758
68d62366-d139-4682-9518-200cb2e375e8,9100000000034,12dd6655-eeef-4f25-9b5e-11bc966c6cec,Customer 502,customer502@test.com,success,54.41,wrong_item,2025-02-23 05:01:16.533158
036e75e6-80e4-4160-824f-ec106de047ce,9100000000035,12dd6655-eeef-4f25-9b5e-11bc966c6cec,Customer 502,customer502@test.com,success,97.33,damaged,2025-05-02 21:48:04.171226
3600f251-e42b-41d9-9dcf-5c2a182e01cb,9100000000036,12ecf41e-f852-406b-a18d-0d6a83904091,Customer 693,customer693@test.com,success,36.34,not_as_described,2025-12-27 07:29:48.264852
9c48f0aa-557f-4663-8389-758a71e4485f,9100000000037,1367c111-bc8b-4b75-be18-e1efaf7cd92f,Customer 371,customer371@test.com,success,38.34,not_as_described,2025-06-18 22:17:06.900069
3627e980-7326-4b6f-9f8f-657538d3c93a,9100000000038,13c9ef92-26d3-4b02-a2f4-c042c97a8f24,Customer 63,customer63@test.com,success,90.70,damaged,2025-10-12 09:14:45.963869
9c6ed5a7-5b91-4a96-a5d3-61d8859ff8a2,9100000000039,141e7782-78ab-421c-8820-09c88b09dfb2,Customer 626,customer626@test.com,success,66.06,not_as_described,2025-10-17 18:26:28.489544
363e55d0-6a65-435f-93b9-5cef0e49b577,9100000000040,142875a9-7389-470b-b992-dbee37ba1eee,Customer 13,customer13@test.com,success,4.19,damaged,2026-01-13 04:28:00.753857
03f5912e-b381-4502-a5a6-15a2c6d7be6e,9100000000041,15240a04-4d94-412a-9ee7-57a11ddb57d5,Customer 19,customer19@test.com,success,79.62,customer_return,2025-05-14 03:03:04.615956
3650b4f6-d75f-4a38-bf9b-86200ce00768,9100000000042,15be8937-084c-4643-b08f-fdbf5cf84806,Customer 477,customer477@test.com,success,115.97,not_as_described,2025-09-14 09:39:49.919129
9ca64a71-966a-49eb-bc5a-c3679080ab13,9100000000043,15be8937-084c-4643-b08f-fdbf5cf84806,Customer 477,customer477@test.com,success,11.50,not_as_described,2025-03-14 03:23:06.200163
0406543d-8222-478f-aed2-cf552c6d8e83,9100000000044,15e8bc32-4d4d-4b33-849b-2889c9fd4534,Customer 440,customer440@test.com,success,4.54,not_as_described,2025-10-01 14:32:17.772226
04535023-fb15-44f2-bdf0-876503eb5442,9100000000045,16685e7f-a178-498b-9d83-15fa67369ec1,Customer 748,customer748@test.com,success,55.63,customer_return,2025-09-03 21:32:07.582433
9caebbed-8953-43fa-8cee-ea4a1c7fd7ed,9100000000046,16685e7f-a178-498b-9d83-15fa67369ec1,Customer 748,customer748@test.com,success,21.47,customer_return,2025-02-26 09:40:43.983858
9cc66a58-7527-49d0-a3c1-c15921e52841,9100000000047,16ef7107-c0cb-4ce6-9d99-d419e539a171,Customer 868,customer868@test.com,success,87.18,customer_return,2025-12-20 17:16:12.891344
9d123ea1-78e6-42bd-b91a-95c7047c07d3,9100000000048,181280d9-7333-42e4-8fd0-821e75525626,Customer 195,customer195@test.com,success,133.50,customer_return,2025-07-12 03:53:00.762016
69e8244f-fe03-45dc-83be-e2cae74e3102,9100000000049,18648bca-aad1-442f-afc7-461ccd26af75,Customer 721,customer721@test.com,success,21.15,damaged,2025-05-11 12:32:11.067056
3711e3f5-802c-419c-9dcb-1d9e3abd5fb4,9100000000050,19759c83-7f95-4fd5-9ecf-698afeee8372,Customer 204,customer204@test.com,success,153.81,not_as_described,2025-09-20 08:42:46.853093
9d39f084-290b-4d2d-b7b0-83d24e43b893,9100000000051,19759c83-7f95-4fd5-9ecf-698afeee8372,Customer 204,customer204@test.com,success,36.94,customer_return,2025-04-11 09:15:10.505618
cfa7659d-cbe5-4b24-938c-082c16c64008,9100000000052,19f6a021-7d31-4a29-a0ef-fd5c31acd659,Customer 23,customer23@test.com,success,136.51,wrong_item,2025-12-31 22:34:40.018973
0517e142-be47-4762-bd00-b6aa2ad24ef4,9100000000053,1b3bb198-11a9-4b52-900a-06b0be22d2ce,Customer 196,customer196@test.com,success,66.79,customer_return,2025-05-16 16:23:20.682386
d051db99-bd7c-48f8-976c-91650d54e916,9100000000054,1c6f695f-27f7-4507-9cde-27590167e596,Customer 670,customer670@test.com,success,44.68,customer_return,2025-02-11 10:49:40.349572
6b37f7f9-f6b1-4b06-a32d-e5c694398376,9100000000055,1d081494-2244-4847-9e59-ff1f4254bda1,Customer 858,customer858@test.com,success,159.78,damaged,2025-05-09 14:04:14.367665
9ded3045-d50c-4075-ba6d-b60ca6ec644b,9100000000056,1e01f3ec-3e2d-4414-9486-2ff0b6215631,Customer 627,customer627@test.com,success,199.50,wrong_item,2025-07-25 17:13:28.292018
381e9ff6-898a-48e1-a91a-a33ac74271cf,9100000000057,1e01f3ec-3e2d-4414-9486-2ff0b6215631,Customer 627,customer627@test.com,success,47.34,damaged,2025-12-13 02:37:39.636163
05c0c5b1-f54d-426c-bd5a-91e30c3ca45b,9100000000058,1ec93de6-ea36-435b-b162-3a46409c4f0f,Customer 488,customer488@test.com,success,93.03,wrong_item,2025-05-21 23:55:22.007884
9e370d81-d88d-4cf4-91ed-170bdfd1ed08,9100000000059,1edcef41-5f43-450d-945b-7bfa2dff9974,Customer 32,customer32@test.com,success,93.26,customer_return,2025-09-24 05:04:31.274287
d13cf345-afcb-4ce8-91af-95156eeb7cc7,9100000000060,1eded808-c096-40fe-9e7e-f23ee3a35639,Customer 750,customer750@test.com,success,141.81,customer_return,2025-04-03 08:00:49.375610
3888f1e2-ffc5-4e38-a06a-f89a6048e09e,9100000000061,1f2ed2f1-5282-4b66-8a23-d52593e811a2,Customer 166,customer166@test.com,success,146.24,not_as_described,2026-01-04 01:38:26.808225
9e5f6047-e868-49f3-9c63-f7dd62e20c4c,9100000000062,1f2ed2f1-5282-4b66-8a23-d52593e811a2,Customer 166,customer166@test.com,success,102.72,not_as_described,2025-10-18 13:30:54.905014
6c06e858-bbcd-4825-8cfb-515028998200,9100000000063,1f4e6f27-6cee-4876-9d03-e2438ccabc5b,Customer 479,customer479@test.com,success,1.64,wrong_item,2025-02-21 00:40:18.417682
38b4a33c-d8d9-4de5-b979-8986cecb55df,9100000000064,203bc4c8-dbfb-4258-9ed8-4ccc6e3a9e6d,Customer 15,customer15@test.com,success,6.71,damaged,2025-10-04 04:05:35.771435
9e9434e3-27cd-40c1-8cc7-b0aee8402bff,9100000000065,20731ddc-c66e-45b8-b91c-abd524081edf,Customer 641,customer641@test.com,success,8.40,customer_return,2025-02-12 21:27:21.106347
9eb55549-4066-4319-8774-45f44ea8d4a8,9100000000066,21dfcde8-9d5a-406d-b7a5-7c418867d7fe,Customer 974,customer974@test.com,success,88.83,wrong_item,2025-07-07 07:26:12.168929
068c6bb4-e14f-402a-8475-6f4f6c565f0f,9100000000067,2270b4f7-6785-4b0c-8ca7-09ed746bf830,Customer 46,customer46@test.com,success,30.33,wrong_item,2025-09-01 01:09:52.518823
9eb8be64-70b3-4876-8819-b11a3fafc67c,9100000000068,2270b4f7-6785-4b0c-8ca7-09ed746bf830,Customer 46,customer46@test.com,success,92.16,not_as_described,2025-11-15 02:15:05.168426
6cd12169-bed8-4ead-b653-53839ecdbb7a,9100000000069,22837340-31ff-4bbf-afbe-ecac68917d6f,Customer 691,customer691@test.com,success,167.52,damaged,2025-11-25 01:31:29.455590
39097cdc-41f5-4f3a-98f2-6476d2df0878,9100000000070,230f5206-8c95-4f29-8bd1-88bbc1bf34aa,Customer 521,customer521@test.com,success,122.51,not_as_described,2025-06-21 01:06:08.031837
06cda0a9-56a0-4a47-a3bc-3d0cce2175a4,9100000000071,233f0f85-3780-47fd-ae9f-cae6986428d6,Customer 455,customer455@test.com,success,144.40,damaged,2025-06-09 11:37:43.701971
3936480a-54c7-4166-bf31-d2fc19734de4,9100000000072,233f0f85-3780-47fd-ae9f-cae6986428d6,Customer 455,customer455@test.com,success,4.08,wrong_item,2025-02-25 15:28:02.390302
3998db01-021a-43fa-8720-55368091e9fa,9100000000073,2363ed06-8028-4edd-a3f2-6d7ec12fed9f,Customer 786,customer786@test.com,success,3.82,customer_return,2025-02-13 09:07:42.661096
9f6422b3-75e1-4829-837b-3fb31138bc9f,9100000000074,24b66800-1ab4-4dc5-974f-a08dbdc446d1,Customer 783,customer783@test.com,success,99.71,not_as_described,2025-12-19 16:33:52.385116
07046c94-d938-4719-81b7-2b97bdda9095,9100000000075,24b66800-1ab4-4dc5-974f-a08dbdc446d1,Customer 783,customer783@test.com,success,12.44,customer_return,2025-04-28 01:49:08.100145
07083aa3-8472-4bc6-bccf-dcaadbf61f42,9100000000076,2584db8e-ff6a-491b-8b30-bdc4f2f56e23,Customer 226,customer226@test.com,success,76.78,wrong_item,2025-04-06 18:34:46.041539
39f9246d-3381-43c3-8a2a-d702e7e5d1f5,9100000000077,25eba0c4-ff99-49a6-81ca-8a37d6904dfc,Customer 734,customer734@test.com,success,33.27,customer_return,2025-10-17 00:20:31.799731
6dc64436-9059-402a-a0b6-c381c360f6a2,9100000000078,2672c70e-1cef-4b74-a918-a40c2d3e24d1,Customer 860,customer860@test.com,success,68.86,not_as_described,2025-11-12 09:31:33.005824
3a414647-0ae9-4ee7-8acd-6294ca5895a6,9100000000079,27338aca-18f5-4475-8fe8-7b92fff043e2,Customer 782,customer782@test.com,success,161.15,customer_return,2025-10-14 03:24:04.698108
6dee9d7d-ad37-49bd-845f-ed5659a2eaf6,9100000000080,28ba2a59-1fe0-4070-9e0f-337dcf4ae3ab,Customer 325,customer325@test.com,success,52.77,wrong_item,2026-01-14 21:40:31.588649
a04b974d-69a0-4df8-8521-d3d2cfbed6df,9100000000081,297e994f-5962-4f37-b56c-91e21c434a49,Customer 430,customer430@test.com,success,86.22,customer_return,2025-11-25 23:25:40.357993
6e3ff17b-3e08-4663-a785-1daf0bbaf965,9100000000082,29bf72c1-e059-475e-b47f-86c32965d130,Customer 589,customer589@test.com,success,162.97,damaged,2025-06-19 14:38:01.463038
6e7cf8cc-5543-4774-ac71-41c3b5893227,9100000000083,2ad2bba7-12c6-46f8-a169-0a52ff886345,Customer 378,customer378@test.com,success,143.80,damaged,2025-09-06 09:13:43.342225
d3b5dc70-1a1c-496f-a2f7-07deee444cf5,9100000000084,2b241b82-ce89-43a6-a326-8cb07195892c,Customer 910,customer910@test.com,success,10.71,wrong_item,2025-09-18 17:36:34.679298
6edad3dc-ebe4-4c76-a987-828776bcb029,9100000000085,2b4ea5f2-fa65-464e-b935-f35900431bcb,Customer 503,customer503@test.com,success,65.28,not_as_described,2025-04-17 05:16:56.734135
d3cb3c4d-a1ec-40d2-8ab8-a044de44a165,9100000000086,2b4ea5f2-fa65-464e-b935-f35900431bcb,Customer 503,customer503@test.com,success,25.33,damaged,2025-04-12 05:40:13.544983
a0e05c2f-a4f1-4928-aff0-db96824431a5,9100000000087,2ba40c29-bf7d-4e61-a42b-cfef4f0b07b2,Customer 104,customer104@test.com,success,93.08,wrong_item,2025-07-29 06:34:58.443316
08725ad6-bc78-4d29-98b1-79113012edc6,9100000000088,2ca10c18-fd12-421c-8ba6-5c82c12fcc66,Customer 929,customer929@test.com,success,62.86,damaged,2026-01-07 05:10:25.687456
08f59da6-ddf3-4906-b0a9-9249f0338689,9100000000089,2df1c85a-b585-4940-8fc8-caf7af208959,Customer 93,customer93@test.com,success,45.35,customer_return,2026-01-16 13:58:42.498138
d4d7fe65-f634-439d-a503-a7c0d14d10d7,9100000000090,30e6d3c6-eed4-42c1-9cd7-7b5b0251f00f,Customer 355,customer355@test.com,success,141.31,customer_return,2025-11-06 05:01:04.187137
a2182ce8-54a4-48e5-b43d-378231342ef4,9100000000091,315ada77-3aa4-40d5-a186-ffac4173f10b,Customer 227,customer227@test.com,success,186.20,not_as_described,2025-10-02 04:45:43.441698
707909cf-ab0a-406d-8d81-faa3ecb7a18b,9100000000092,318a58b9-d0f8-4e18-a85c-e5a136938e3d,Customer 44,customer44@test.com,success,61.11,customer_return,2025-12-08 17:25:49.646218
707afbcd-28e7-4cba-b6c6-4f0e3981258d,9100000000093,31cba5a7-91de-45a7-a957-6177959c3192,Customer 78,customer78@test.com,success,83.19,damaged,2025-12-06 04:37:19.431023
d50b2321-a3d3-4754-a453-428bfb754ff1,9100000000094,31cba5a7-91de-45a7-a957-6177959c3192,Customer 78,customer78@test.com,success,155.39,wrong_item,2025-06-22 15:00:29.108497
0926a146-8c23-4277-8b75-cde633eafafc,9100000000095,31e8fbbb-7925-4bac-9b06-466041d91bc3,Customer 654,customer654@test.com,success,39.51,damaged,2025-05-12 11:27:19.464558
7098ffed-86c0-4616-8f64-541540ae5091,9100000000096,324a3f58-530c-44b5-8028-0a16f6d4658d,Customer 1000,customer1000@test.com,success,35.50,damaged,2025-10-14 09:15:29.596738
d51111e1-aefc-4fdd-81c9-41657ecccd33,9100000000097,324a3f58-530c-44b5-8028-0a16f6d4658d,Customer 1000,customer1000@test.com,success,69.47,not_as_described,2025-04-21 15:23:17.514304
d5175136-74e3-414b-814b-4341d33bf059,9100000000098,32795b27-9637-44cb-8d51-837a57fd4cec,Customer 218,customer218@test.com,success,18.04,wrong_item,2025-03-06 05:14:31.666348
a265af2c-7ae9-4304-9510-94dd6693f6dd,9100000000099,32e2694d-e4ec-4362-9320-12e1973d77e5,Customer 581,customer581@test.com,success,47.91,not_as_described,2025-06-26 08:07:21.496676
a2e96bc6-3b25-4441-b98c-0fa5c470a2f4,9100000000100,352d57b5-d0a3-4bad-ba88-b0e3290f295e,Customer 225,customer225@test.com,success,92.15,damaged,2025-10-06 04:06:39.630460
09adf221-5ebe-4882-a0cf-efde217c9b07,9100000000101,36134558-dd3b-4d74-be1a-7422d687e661,Customer 476,customer476@test.com,success,95.63,not_as_described,2025-02-27 08:33:32.990808
71628ffd-be64-40c5-9983-6f1be57cbb38,9100000000102,366f282d-62ab-49c5-9da6-f4f8c9ad5293,Customer 668,customer668@test.com,success,23.32,customer_return,2026-01-27 12:24:58.849543
a32eb5ad-97ed-4190-81a0-140319602b1e,9100000000103,374e01f6-515a-48de-9314-96cf77088d4b,Customer 211,customer211@test.com,success,118.87,not_as_described,2025-05-14 07:47:16.162446
3da76725-f1cb-445c-ad10-b3690f501c7e,9100000000104,380bea73-4761-42ac-91b3-b650d5492db9,Customer 71,customer71@test.com,success,104.41,wrong_item,2025-09-16 14:52:31.606991
d5b126d1-9a48-4e51-8ea4-8d063665ef16,9100000000105,389b74a6-9ff2-49c3-8c92-1d36b30ea47a,Customer 728,customer728@test.com,success,62.51,not_as_described,2025-05-06 13:50:18.276881
a369da41-bf39-46dd-95dd-488bdadd71e1,9100000000106,390234f6-c27a-4372-8988-22f83c4a52cd,Customer 534,customer534@test.com,success,1.43,wrong_item,2025-10-14 00:45:04.118187
d5baa1a5-8b70-4cae-be49-d6546b8aa1c1,9100000000107,390234f6-c27a-4372-8988-22f83c4a52cd,Customer 534,customer534@test.com,success,70.56,customer_return,2026-02-07 13:42:33.552052
d5c3a486-092f-4615-823d-fdfd238b7f54,9100000000108,39091153-6c7b-489f-b3f9-baa8b60d9f29,Customer 831,customer831@test.com,success,26.77,wrong_item,2025-04-04 05:10:10.838003
7256990f-25e3-450a-9293-fff8576d1bc8,9100000000109,3984b76e-361c-43d5-958b-cf949ab1211c,Customer 978,customer978@test.com,success,157.14,damaged,2025-05-12 23:28:21.156783
d5c9895b-817a-4baf-ad5c-497d76ac4a22,9100000000110,3984b76e-361c-43d5-958b-cf949ab1211c,Customer 978,customer978@test.com,success,85.49,not_as_described,2025-09-22 21:25:37.790514
d5fec5c4-cb4c-4786-87ed-08f620de003a,9100000000111,3abc4890-41e5-4746-90bb-de98844605e9,Customer 623,customer623@test.com,success,46.39,customer_return,2025-03-27 19:21:41.515389
72d83092-d5be-4800-a015-6dccc6dc75bb,9100000000112,3bbdd458-eff2-47c4-a646-0c5c6d99c137,Customer 87,customer87@test.com,success,69.35,damaged,2025-08-25 14:29:27.640808
d690bbfe-b418-43a5-b4bc-8b3b9ef63661,9100000000113,3bbdd458-eff2-47c4-a646-0c5c6d99c137,Customer 87,customer87@test.com,success,153.25,not_as_described,2025-03-25 22:51:31.211966
d6d17fe6-a678-4c70-97db-a25557313be2,9100000000114,3cee90a9-a2a5-48d6-8060-0856eb319fd6,Customer 663,customer663@test.com,success,30.49,wrong_item,2026-01-01 18:52:17.249183
a4a067fc-0e19-4ae7-a294-877ff57c4ddd,9100000000115,3d93af57-7ace-4308-b309-5c46b76524c7,Customer 794,customer794@test.com,success,3.57,customer_return,2025-09-18 17:06:20.091860
0ad4957c-19bc-445d-92fd-157559317902,9100000000116,3daa96ff-8121-4b40-8a23-461fc8962d36,Customer 825,customer825@test.com,success,50.78,wrong_item,2025-03-18 01:40:33.572630
a4b25d87-0af5-4b88-b6d0-b5bfe910edcd,9100000000117,3dac6406-0706-44b4-ae27-be88407f47f3,Customer 286,customer286@test.com,success,33.09,wrong_item,2025-08-31 21:34:58.086694
a4cd9196-da9a-4e15-b14c-e91f6646012f,9100000000118,3de3e37c-08fc-4998-8e9f-635c07827749,Customer 575,customer575@test.com,success,57.78,damaged,2026-02-07 18:51:12.771254
3ec9a796-b549-4dc5-9af4-9bb39b453fb3,9100000000119,3de3e37c-08fc-4998-8e9f-635c07827749,Customer 575,customer575@test.com,success,108.45,wrong_item,2025-10-02 22:09:27.414236
73ae2fd9-ba16-41ed-ba5d-652209b483fd,9100000000120,3e2ec54b-2685-4fed-a99d-dd1989727cfe,Customer 88,customer88@test.com,success,70.79,damaged,2025-10-10 21:34:48.259659
73cca557-beb8-4bcf-9c22-ebc57d0b038e,9100000000121,3fc7281b-c2e1-4984-addf-c57b3ff0f9c1,Customer 189,customer189@test.com,success,71.29,customer_return,2026-01-17 18:44:08.251485
0b36ba09-33b4-436a-9e29-fb61a88b8bb4,9100000000122,3ff271d7-dca2-4d2e-80b8-23a30fadd8cf,Customer 139,customer139@test.com,success,90.04,wrong_item,2025-05-28 07:51:24.979845
a4ffe91f-bfd3-4b12-9ce9-d400af4a4628,9100000000123,401583ca-bc1b-4ed2-bd2c-980c0ceb2548,Customer 529,customer529@test.com,success,187.02,damaged,2025-08-29 01:08:24.983590
d7b6668d-9950-4ad1-9b67-ddcdf7f2f6da,9100000000124,401583ca-bc1b-4ed2-bd2c-980c0ceb2548,Customer 529,customer529@test.com,success,4.42,not_as_described,2025-10-11 20:19:10.450697
3f057e04-a405-414b-9e0b-fef2a4c1f92b,9100000000125,401583ca-bc1b-4ed2-bd2c-980c0ceb2548,Customer 529,customer529@test.com,success,148.80,wrong_item,2025-09-29 01:15:24.448634
d7c1a1a2-bda2-4164-83ec-7ce4a35695f5,9100000000126,4018b08a-0029-47dc-979b-b64b2e771c3e,Customer 392,customer392@test.com,success,60.61,wrong_item,2025-12-24 12:55:56.175390
a512e6f3-329b-450d-9724-e26dca896a43,9100000000127,40cc6c0b-3fe7-48e3-b122-0db6790687c9,Customer 549,customer549@test.com,success,82.52,not_as_described,2025-09-16 07:27:16.208068
d7f9c179-3ea1-4330-b4ea-72f046b63f6e,9100000000128,417084a6-9a1d-4c04-95a5-0d12ea00de81,Customer 436,customer436@test.com,success,62.65,customer_return,2025-10-05 07:20:39.429827
74698dda-ee9f-4668-ab8a-4afe1f06dc37,9100000000129,42b94dee-9c28-40e3-a753-c9cf21ff58b0,Customer 89,customer89@test.com,success,5.38,wrong_item,2025-03-12 15:18:09.630600
d85745ee-fbf3-4ee3-b926-178b84f92e3b,9100000000130,43648b34-4aba-4f73-bb19-22dd375eca58,Customer 856,customer856@test.com,success,180.05,not_as_described,2025-07-16 09:06:48.759984
3f775848-ea84-4606-b4e9-9035e5452c4a,9100000000131,43648b34-4aba-4f73-bb19-22dd375eca58,Customer 856,customer856@test.com,success,19.62,damaged,2025-05-22 06:59:44.901148
3fe706bc-89ff-4211-a757-d4602d42ca2c,9100000000132,44bad07a-9627-4554-bf29-6f21c8553302,Customer 564,customer564@test.com,success,74.89,damaged,2025-10-06 13:15:55.839091
0c86d42d-3804-4c70-9b9d-8e3fd2581dbb,9100000000133,450e6651-2e35-4490-948a-1d92610077ad,Customer 773,customer773@test.com,success,98.30,customer_return,2025-04-26 09:38:33.687875
3fe85033-7af6-446b-92fb-a39a6e6bc375,9100000000134,450e6651-2e35-4490-948a-1d92610077ad,Customer 773,customer773@test.com,success,32.13,customer_return,2025-12-08 15:44:30.291392
a5ee37fb-cd43-4bfa-9115-3d178146f7af,9100000000135,450e6651-2e35-4490-948a-1d92610077ad,Customer 773,customer773@test.com,success,4.85,damaged,2025-11-03 04:32:48.140930
d8a974ab-17ee-49c9-89b2-c64a0ebb1ba7,9100000000136,46cd1727-d42c-4b45-8738-2c9134e751fa,Customer 312,customer312@test.com,success,43.36,damaged,2025-03-18 23:41:34.696157
0cbc09ac-db55-46c0-a6f5-763574b56536,9100000000137,471a535c-47d9-413b-aec2-1c3f499b89c1,Customer 745,customer745@test.com,success,184.73,wrong_item,2025-03-31 10:07:20.558035
752f3fb2-d385-483a-bcba-2a36d662f2ec,9100000000138,471da28d-19a8-421c-8104-78a89f06c819,Customer 591,customer591@test.com,success,83.92,not_as_described,2025-11-08 05:19:09.746704
7541e804-c74a-4f8e-9688-b60e49938b2a,9100000000139,4741c262-4858-4947-a9bb-7b3f9f850ad7,Customer 283,customer283@test.com,success,2.38,customer_return,2025-10-12 21:06:31.685905
754a79f0-0e39-4629-a2dc-68d4a649634d,9100000000140,47e41286-50a0-478f-bc51-df7fe1238382,Customer 208,customer208@test.com,success,63.61,customer_return,2025-05-02 06:25:23.010495
d8d2fdb2-940c-4a43-9bf2-e4072f829af4,9100000000141,47fa7868-9fa0-429c-b872-8f1f6fb537df,Customer 992,customer992@test.com,success,14.24,customer_return,2025-11-25 09:03:02.631942
7552fcac-ab83-4124-b245-582beabc47d1,9100000000142,47fa7868-9fa0-429c-b872-8f1f6fb537df,Customer 992,customer992@test.com,success,13.68,customer_return,2025-07-15 23:03:58.717386
40563df9-a933-4730-beb4-b8ecf8e6f3b4,9100000000143,47fa7868-9fa0-429c-b872-8f1f6fb537df,Customer 992,customer992@test.com,success,30.05,not_as_described,2025-03-20 15:21:11.562097
0cef8b73-6735-4d8b-9352-6964d1cd770d,9100000000144,484cd6be-748e-423d-a8fa-241c728f0dc9,Customer 979,customer979@test.com,success,79.18,customer_return,2025-08-01 08:44:54.824184
405cd6a7-5d43-4b51-b468-7a5b14f07f12,9100000000145,484cd6be-748e-423d-a8fa-241c728f0dc9,Customer 979,customer979@test.com,success,115.90,not_as_described,2025-06-21 15:39:18.728337
406ad72d-e086-4fc0-b99b-7ccbf25c514f,9100000000146,489010eb-c0af-4e49-b084-e3516f514c0f,Customer 101,customer101@test.com,success,117.15,wrong_item,2025-09-17 13:33:04.303477
40a03487-f22f-40fa-a67b-86b681092ae8,9100000000147,49cb1c30-e609-49cd-b03d-a9e0ba4f129e,Customer 554,customer554@test.com,success,98.28,customer_return,2026-01-08 09:01:07.805471
40e32699-816d-4935-bba9-c0fefd3a8391,9100000000148,4b2293d7-e987-4066-a0d0-4e9120666d4d,Customer 948,customer948@test.com,success,72.61,not_as_described,2025-06-27 00:31:51.693411
a707ad91-55ae-4012-9c97-32b8462549ee,9100000000149,4bbb7d4c-b6d3-474d-b9d7-d85604a89944,Customer 876,customer876@test.com,success,25.11,not_as_described,2025-09-29 16:45:17.205914
766ec0b7-a778-44a1-bca6-2016c5653370,9100000000150,4cbe6fcc-1861-4f0a-9a7b-a95cbb6dd4be,Customer 557,customer557@test.com,success,166.84,customer_return,2025-10-18 18:03:03.280254
d986800c-865e-4cae-9e84-36bf71e9386a,9100000000151,4cbe6fcc-1861-4f0a-9a7b-a95cbb6dd4be,Customer 557,customer557@test.com,success,34.72,not_as_described,2025-10-20 23:20:06.972271
413d6044-ec42-4c49-8774-ff76d58a930b,9100000000152,4dd0f556-e3d5-4454-bdd2-2ceb54454528,Customer 231,customer231@test.com,success,166.41,not_as_described,2025-03-27 14:31:33.022276
769e4108-590b-45b9-83b8-c9ece176053d,9100000000153,4dd0f556-e3d5-4454-bdd2-2ceb54454528,Customer 231,customer231@test.com,success,21.15,wrong_item,2025-08-17 03:41:52.647236
a792b5fd-055d-4b04-963e-1497d9f69e7e,9100000000154,4e6d6236-4318-4e6f-9db9-8bd77044a189,Customer 167,customer167@test.com,success,68.11,wrong_item,2025-05-31 19:26:24.776103
76cd6568-2f33-452d-b0e6-8df8b5885f46,9100000000155,4e6d6236-4318-4e6f-9db9-8bd77044a189,Customer 167,customer167@test.com,success,2.05,not_as_described,2025-03-30 08:34:39.236495
a8543b74-ba97-4982-812e-e4570d171536,9100000000156,5198216d-e5ea-4f3a-82f1-3bc496356f70,Customer 560,customer560@test.com,success,49.33,wrong_item,2025-11-20 14:25:34.040189
421a614e-70c4-4489-9f21-194ba9992130,9100000000157,52861bfe-c71e-4d71-8617-9c8b0e68f11d,Customer 153,customer153@test.com,success,77.47,not_as_described,2025-06-14 02:09:09.092305
a8dff007-e7a0-4a7c-81ba-4f60a60fe79b,9100000000158,541922d7-0768-4764-9a3d-a82f1269cb93,Customer 192,customer192@test.com,success,25.15,damaged,2025-02-22 22:59:11.177054
779b9762-ee08-4fe5-b1a8-d4ed1dd9672c,9100000000159,541922d7-0768-4764-9a3d-a82f1269cb93,Customer 192,customer192@test.com,success,171.34,damaged,2025-06-30 22:55:23.451423
779cec76-3183-45c3-8dd0-a9f3f1fd169e,9100000000160,5432524a-c5a2-4574-94bb-140555aeee46,Customer 539,customer539@test.com,success,179.25,wrong_item,2025-03-03 20:56:39.299737
42a0171e-8a29-4383-9715-5a2db6891228,9100000000161,55579a38-3f17-4c56-983b-a7ef7a7f2b02,Customer 171,customer171@test.com,success,96.41,not_as_described,2025-11-04 18:18:20.701470
db1b6991-4e7f-4f8b-bf80-929521300dc3,9100000000162,55b6e28d-5d8b-4d82-af06-9a3ccb98eadd,Customer 92,customer92@test.com,success,169.70,damaged,2025-10-22 07:58:50.576665
781d7785-9636-4845-bdd8-6cf8a87021ad,9100000000163,56394f50-457b-4f2e-b8a6-38d07139d949,Customer 193,customer193@test.com,success,34.81,customer_return,2025-02-19 12:01:56.849392
aa1b54d9-e972-46f1-95f0-b16da865796f,9100000000164,57a9809b-69f8-4bef-a2e9-55fdde0f95d8,Customer 134,customer134@test.com,success,71.85,wrong_item,2025-06-26 13:16:14.038741
aa1c3d30-4006-4cf0-bc67-a4ec8bd30e22,9100000000165,585449f4-223f-4b04-9b2e-81de7db36ac3,Customer 580,customer580@test.com,success,29.73,customer_return,2025-11-27 11:24:44.768803
43199898-0342-4d06-a1e1-6ba0d277da77,9100000000166,590cc2d8-ee9e-46fb-bf14-42e0abb72326,Customer 799,customer799@test.com,success,48.42,damaged,2025-08-11 13:15:48.327211
aa2ad2af-d1e9-4ecd-abc4-60577d12f2a6,9100000000167,593310f7-83d5-421e-a9e6-757f2e4f4b5d,Customer 29,customer29@test.com,success,15.57,wrong_item,2025-03-31 09:37:26.020048
dc1ebfc2-597d-403b-9b6a-27db39cfc6f7,9100000000168,595a39aa-efd3-453f-846c-087784ba7958,Customer 442,customer442@test.com,success,67.56,damaged,2025-07-16 17:40:38.122293
aa5389ba-afcd-4510-87b5-e1da15ed88c5,9100000000169,595a39aa-efd3-453f-846c-087784ba7958,Customer 442,customer442@test.com,success,8.88,customer_return,2026-01-17 11:46:52.445373
0ff9cd07-521c-4177-a697-51d58aa2d326,9100000000170,599384e5-e2a3-4aaa-a38b-c6aa99352052,Customer 702,customer702@test.com,success,12.75,wrong_item,2025-04-27 16:21:59.770297
43a47e7d-03b7-47eb-b46a-b76f2971d310,9100000000171,5996b3c8-06c8-4fac-a341-247801ab2a2c,Customer 506,customer506@test.com,success,43.83,customer_return,2025-04-27 11:19:21.985992
78cd60a0-6512-41ea-b530-da1d7a4b9ab4,9100000000172,59c84317-f23c-4707-9d31-d3124d734119,Customer 890,customer890@test.com,success,131.48,wrong_item,2025-03-16 19:53:19.429741
dc7bd154-84ea-4776-9571-f83f85dd415e,9100000000173,59c84317-f23c-4707-9d31-d3124d734119,Customer 890,customer890@test.com,success,10.17,wrong_item,2025-07-27 18:43:06.726673
78e8d562-dd09-4c66-a884-5cb6115107c9,9100000000174,5adfe7c3-0b80-4a44-9095-a64317f2ac3c,Customer 384,customer384@test.com,success,15.06,not_as_described,2025-07-02 19:39:36.836177
ab6e2d8b-3291-4071-b151-518650ac87d7,9100000000175,5b68fcbe-5380-4737-bc73-8512f83ab31d,Customer 578,customer578@test.com,success,68.82,not_as_described,2025-11-06 00:04:54.918677
dcd7e488-0386-4a9c-9eec-63c5bc453b3f,9100000000176,5c748b1b-6dff-4bf8-bfd2-e88d4e5dc7d2,Customer 229,customer229@test.com,success,70.09,damaged,2025-08-08 08:53:24.183839
4442136d-cd29-4295-bd77-5ba6911049a4,9100000000177,5dbfbad5-bd0a-4eeb-a620-ae9c1936f141,Customer 303,customer303@test.com,success,148.56,not_as_described,2025-12-16 09:36:07.321475
10e547c1-8e64-4e48-9e95-aeb6bd20fbd5,9100000000178,5e370718-b4f3-4a17-b821-43e136d696ca,Customer 277,customer277@test.com,success,59.25,damaged,2025-08-23 06:07:56.376366
4450ed29-a5d6-4552-82e7-237a6d0526cd,9100000000179,5e370718-b4f3-4a17-b821-43e136d696ca,Customer 277,customer277@test.com,success,89.13,customer_return,2025-10-30 19:18:22.173057
abf9ed62-7e23-4e0d-9b52-0a01091d2c86,9100000000180,5eaf3ab1-ec08-4c38-b62b-27dd5cbbfb52,Customer 178,customer178@test.com,success,105.62,not_as_described,2025-02-15 21:34:09.098159
797674b1-7872-4bd0-983b-d5d5d9bc0e28,9100000000181,5eaf3ab1-ec08-4c38-b62b-27dd5cbbfb52,Customer 178,customer178@test.com,success,168.22,damaged,2025-03-12 06:45:55.389815
79825439-8027-4f86-b900-8a83257408f5,9100000000182,5f2095fa-6de7-4f54-8892-5b251db5a066,Customer 989,customer989@test.com,success,42.47,customer_return,2026-02-10 03:30:55.583055
44700533-7847-4e0b-9cb4-208341af2104,9100000000183,5fbbc300-f358-4f81-9c1d-20d1116f51ec,Customer 74,customer74@test.com,success,24.35,wrong_item,2026-01-06 00:35:47.809249
44733943-35e7-448d-bc65-7e600984aab7,9100000000184,6060b524-8618-4c7c-9d9e-d2d8d4cb7611,Customer 60,customer60@test.com,success,59.29,not_as_described,2025-08-07 10:29:00.550196
11109281-1ed1-43c4-b550-9269beadd9a1,9100000000185,6060b524-8618-4c7c-9d9e-d2d8d4cb7611,Customer 60,customer60@test.com,success,85.55,not_as_described,2025-02-26 13:36:45.268189
79b28428-69f3-4630-8db1-ad4d284635d3,9100000000186,6109ff06-247d-48b9-ad0b-afd55f226441,Customer 505,customer505@test.com,success,132.85,not_as_described,2025-09-21 17:30:44.933049
4494d635-10e8-4f5f-a2dc-867990e488bb,9100000000187,620cf3a2-fcf4-429a-9067-05665cf8ba27,Customer 393,customer393@test.com,success,53.32,damaged,2025-03-21 11:13:35.881098
dd87fe67-de16-4e34-8d11-26896a7feaf0,9100000000188,624c093d-9554-45c5-a7c1-61765a1cabcc,Customer 244,customer244@test.com,success,59.15,not_as_described,2026-01-12 00:39:31.575736
7a01933b-8239-4245-b063-9e9955ef1bfc,9100000000189,643d1038-313a-4028-9317-a87be50b89a3,Customer 449,customer449@test.com,success,149.50,customer_return,2026-01-28 04:13:07.367345
116c9245-a224-4c6d-bd0a-9fb5aa37d193,9100000000190,643d1038-313a-4028-9317-a87be50b89a3,Customer 449,customer449@test.com,success,39.85,damaged,2025-06-13 22:32:02.696460
451b9efa-be6a-48b9-b301-e4350a4735e5,9100000000191,649e695c-cfb6-4a2b-ada0-305b2e4fc5d5,Customer 5,customer5@test.com,success,168.22,not_as_described,2025-06-07 21:32:40.893609
deb230fd-6a55-422a-ac3d-e0467fb76542,9100000000192,64b5eb0a-2bb6-4118-9a62-b64c98a0b500,Customer 555,customer555@test.com,success,183.68,customer_return,2025-07-06 15:31:11.286891
7a3ad9a6-3b69-4a79-95a3-4e7b860e05d4,9100000000193,6608a583-d7c5-44ed-a8d4-fd02b668b0bc,Customer 863,customer863@test.com,success,78.32,not_as_described,2025-10-08 22:32:23.787347
45728062-30f7-4ea9-b419-80e7b62cdf9b,9100000000194,6644ab56-b0ac-4805-b607-ca08cb418fb8,Customer 618,customer618@test.com,success,44.02,customer_return,2025-03-25 22:48:06.117153
df783cb1-dc3d-4105-8ad8-d7041caa5d68,9100000000195,68513778-9764-4374-87e4-d00aaa3bd3f8,Customer 37,customer37@test.com,success,127.29,not_as_described,2025-07-30 01:05:59.917165
adf63c4d-2aa2-4f2a-b3d1-28454e53fdde,9100000000196,6a830dfe-3650-4515-bc46-49d8fe6ddfa9,Customer 68,customer68@test.com,success,59.42,wrong_item,2025-11-11 10:19:48.809992
dfe31dc8-39e7-4b7d-91c2-b9f74ecc03b2,9100000000197,6b089b50-b238-4f79-b4e3-5ad14c6a6fbc,Customer 792,customer792@test.com,success,78.04,customer_return,2025-07-29 16:39:23.716312
dfe3d72a-a2c2-488a-a8e7-8f835faf38c9,9100000000198,6b0c35a4-0b9f-45a8-ac3d-96f6cfd30978,Customer 696,customer696@test.com,success,65.81,damaged,2025-10-31 09:06:28.264809
ae3aa172-3d66-4b58-acb7-1ad99e539298,9100000000199,6b402f17-91a8-4877-a2f4-51f9adff8b21,Customer 586,customer586@test.com,success,15.31,damaged,2025-09-05 09:36:49.371936
12ba4555-6ee0-4a04-af2a-4cbccbf14159,9100000000200,6b73c408-6a8a-421f-8106-4dd6798dbedf,Customer 642,customer642@test.com,success,22.99,wrong_item,2025-09-14 23:43:41.532282
dff00963-8bf9-4a49-879c-dd9a7db849a7,9100000000201,6b73c408-6a8a-421f-8106-4dd6798dbedf,Customer 642,customer642@test.com,success,69.73,damaged,2025-03-23 10:14:12.647625
ae3cf427-c9ac-4cf4-8a54-c3d3805fd6e5,9100000000202,6c88bbb9-856c-4c63-b96e-d8cefde63500,Customer 77,customer77@test.com,success,18.95,damaged,2025-09-01 08:08:35.224679
12d2c091-e5be-4f6b-8156-8b7fa8cb5c22,9100000000203,6c8c6f07-d7de-4a68-b348-ff3c0a5121c2,Customer 464,customer464@test.com,success,86.98,damaged,2025-03-08 05:59:51.325234
e0322002-1209-4baf-9ec4-75c0346b36ba,9100000000204,6ce48399-70d3-44e7-af7f-b8862e7eb507,Customer 602,customer602@test.com,success,92.24,not_as_described,2025-04-27 08:41:14.761791
12f90d33-61c1-4cda-8183-e59264531213,9100000000205,6ce48399-70d3-44e7-af7f-b8862e7eb507,Customer 602,customer602@test.com,success,182.41,wrong_item,2025-04-07 08:23:28.833202
aea31b0b-8bae-4986-8ff9-8351bc1f6baa,9100000000206,6d3819e0-b5bd-48cc-b0e4-f7e68f6cdf59,Customer 194,customer194@test.com,success,25.97,damaged,2025-06-07 08:58:54.193011
aeaf29be-896b-45f9-816c-87a936f2ed89,9100000000207,6dfc01a7-0502-422a-9fea-53ce73f81138,Customer 569,customer569@test.com,success,2.37,wrong_item,2025-10-16 15:13:35.999882
4733c45f-2ce7-4a40-a4ee-2197c2d5f897,9100000000208,6dfc01a7-0502-422a-9fea-53ce73f81138,Customer 569,customer569@test.com,success,56.80,damaged,2026-01-15 17:35:45.299933
aeb2aa4b-528d-44c0-814e-481ccb7773dc,9100000000209,6e137666-e468-4105-9dee-dda399c06124,Customer 453,customer453@test.com,success,8.73,customer_return,2026-01-07 17:54:56.252798
e066138d-0b43-49dc-9d14-58aaf4b3672e,9100000000210,6f86dd87-cc78-4d1f-8a31-1506a35ca823,Customer 400,customer400@test.com,success,23.94,customer_return,2025-12-25 01:20:25.277416
aee3013a-6752-4e5d-96c8-18c8d3d32a87,9100000000211,6f908a32-9936-44ea-8227-c221d626eeb6,Customer 752,customer752@test.com,success,49.40,damaged,2026-01-23 09:40:27.925290
e08310a8-4104-45fb-8ae9-414d004b7378,9100000000212,6f92d443-feb5-4cc5-bcd8-871298fe0173,Customer 172,customer172@test.com,success,64.97,damaged,2025-09-29 10:06:07.840714
47926096-2052-40fa-a2e7-a72d98f9df72,9100000000213,6f92d443-feb5-4cc5-bcd8-871298fe0173,Customer 172,customer172@test.com,success,108.14,wrong_item,2025-02-15 01:50:04.359615
47970428-d7fe-4c42-83fb-78a9ffc19699,9100000000214,6febc2d4-ce00-4405-a887-3631f311ffa4,Customer 972,customer972@test.com,success,20.04,customer_return,2026-01-05 02:35:38.251932
47b9e683-0779-47fe-a6c0-6f7aacf0fbf4,9100000000215,708d27a0-8e2c-471f-a4d6-e735e8f90e86,Customer 817,customer817@test.com,success,188.17,not_as_described,2025-11-14 17:47:09.897620
e099ee6d-1c96-4616-b1c1-75de25a950c8,9100000000216,70d05abe-18e3-41f2-bb18-36909a5d31a6,Customer 264,customer264@test.com,success,93.91,customer_return,2025-12-24 06:37:19.471223
af16b83d-efd3-4562-b73f-b6752a0daccf,9100000000217,714564da-558d-4daa-bc0a-b773f66ed40c,Customer 311,customer311@test.com,success,47.77,wrong_item,2026-01-09 16:59:41.422169
7b897616-755a-400c-8a31-546e6bd2883d,9100000000218,714564da-558d-4daa-bc0a-b773f66ed40c,Customer 311,customer311@test.com,success,79.81,wrong_item,2026-01-27 22:42:20.865641
7b92aa7e-0f7b-431d-a5bd-fe888b558616,9100000000219,719cfa8d-2d7a-4ff7-a3fa-5fa60e181862,Customer 582,customer582@test.com,success,24.30,wrong_item,2025-06-29 22:03:49.622213
e0d7f792-288e-46ef-b9d9-5208fc260225,9100000000220,71cad1ce-0faa-4348-a315-bf0ac7ac71a6,Customer 429,customer429@test.com,success,129.37,wrong_item,2025-06-07 14:55:02.525879
4819f6a4-4d14-4378-b584-38dd65329394,9100000000221,72f3da56-f7d2-4bd3-bb2c-9023c2eca7fd,Customer 921,customer921@test.com,success,91.92,not_as_described,2025-03-18 13:10:21.656967
af6179c9-581d-430e-9d41-51ab56fa0554,9100000000222,7319fa09-9582-4a0b-a72d-a98cf0ef324c,Customer 834,customer834@test.com,success,144.50,wrong_item,2025-11-24 08:17:09.307370
e114748a-078d-4f44-9c45-38ce8ee7c8cf,9100000000223,7319fa09-9582-4a0b-a72d-a98cf0ef324c,Customer 834,customer834@test.com,success,36.73,wrong_item,2025-03-13 00:49:57.471870
7bf9a660-75ac-4381-bf52-03c0d3157eb7,9100000000224,738d2ce2-2419-4f71-b11b-83d8c98ea223,Customer 96,customer96@test.com,success,152.65,customer_return,2025-06-28 05:21:46.852450
4831afdf-b48e-42a6-93a8-295800f92255,9100000000225,73e2642d-e564-4ffa-896a-b9f10813cd2e,Customer 408,customer408@test.com,success,139.32,wrong_item,2025-04-08 10:20:57.790044
48365f7b-2082-4c44-8eaa-46c485cbe1e1,9100000000226,746f3cc1-a39a-460d-9c84-e6ceccb6b452,Customer 109,customer109@test.com,success,15.32,wrong_item,2025-12-05 00:14:22.892811
48432ffa-a791-4226-9bf2-06460e71eabd,9100000000227,7575a63f-7cde-44c0-9893-88d5dfb58b4e,Customer 808,customer808@test.com,success,86.03,damaged,2025-05-21 06:28:28.236172
48518a23-f362-4833-b5a3-62ef85c3309e,9100000000228,7589f23a-def9-452b-be08-c06350428fca,Customer 454,customer454@test.com,success,188.98,wrong_item,2025-05-29 22:45:32.463406
14afd046-412b-4484-9f45-86dd360bd176,9100000000229,76c2e297-538b-4d0f-ab77-42798d8aff7e,Customer 838,customer838@test.com,success,97.76,wrong_item,2025-09-28 08:23:59.618440
4858d7ae-0e4c-4cef-8c55-a31a67494549,9100000000230,76c2e297-538b-4d0f-ab77-42798d8aff7e,Customer 838,customer838@test.com,success,82.96,customer_return,2025-07-10 16:43:14.600152
afd5b657-8038-4d0a-9b23-994765ed1936,9100000000231,76ca0d3b-a469-4605-9da0-9dd4274f03cb,Customer 673,customer673@test.com,success,59.54,wrong_item,2025-08-23 05:03:01.429298
afe5a5ad-7c62-4767-ace2-eec1fe31810a,9100000000232,78552936-8452-4a4d-827f-72b4e3db0fa3,Customer 329,customer329@test.com,success,135.14,damaged,2025-08-20 22:00:15.873730
154bb49a-094a-4687-9cb0-7397b39a3043,9100000000233,7a2171fc-c1de-4912-aad9-639e81ad05dc,Customer 148,customer148@test.com,success,86.91,wrong_item,2025-02-17 09:39:31.767210
7ce8cb4e-04a6-4529-af0b-6f7d61e65e39,9100000000234,7a881df9-ef62-42bf-9f94-48c2617a5599,Customer 319,customer319@test.com,success,85.36,damaged,2025-07-27 08:03:00.902631
1556f46d-f096-4206-a254-14d58150411a,9100000000235,7aafb00a-7d02-46b1-93ce-fe2b7c1d1cde,Customer 771,customer771@test.com,success,26.26,wrong_item,2025-10-27 00:43:42.437437
e28e4225-7879-4f7a-b0ea-ede094f6bb27,9100000000236,7c4c4f37-bf68-42ba-830c-19cff1c5384c,Customer 357,customer357@test.com,success,128.56,wrong_item,2026-02-01 19:39:42.777463
b0f1141f-3c25-47f5-8dae-6f6c80eb965c,9100000000237,7ca5ce65-1641-4f8a-863e-245ecdbc49fd,Customer 262,customer262@test.com,success,8.82,customer_return,2025-03-08 06:59:49.698568
7d5ed247-7a24-48c9-8d48-ea18f5c6c8d8,9100000000238,7cb93219-30eb-4c96-b426-f0fd70a59fd3,Customer 198,customer198@test.com,success,67.56,customer_return,2025-11-04 15:24:42.739186
15bba91d-687c-4883-96fe-0340b0b08946,9100000000239,7cb93219-30eb-4c96-b426-f0fd70a59fd3,Customer 198,customer198@test.com,success,90.08,not_as_described,2025-07-01 10:44:35.041664
49b152f5-20b4-482b-85f1-99a6fe80c119,9100000000240,7d62e4c6-17bd-40fb-b75d-e942b083334d,Customer 949,customer949@test.com,success,44.61,damaged,2025-07-12 00:12:37.952345
b10d66f2-32c7-4de1-9671-856d921366f5,9100000000241,7e4b5235-5ce6-4b7b-b946-38bf21857095,Customer 809,customer809@test.com,success,70.33,customer_return,2025-08-19 23:38:59.517866
b11f0641-b72c-4d9f-9942-4859788dd93d,9100000000242,7f2e7d0e-2a15-41c7-9638-c823a60eeb6e,Customer 390,customer390@test.com,success,97.82,damaged,2025-07-25 11:38:17.451890
e3347b35-c701-4157-bab7-528b6ce8f8d5,9100000000243,7f701a04-5877-452e-8bd6-9711012bc211,Customer 510,customer510@test.com,success,127.03,not_as_described,2025-07-27 21:15:06.874926
b16a89db-becb-4d32-a856-8f798d83fde4,9100000000244,7ff85b08-ba12-4373-869b-565203f3c377,Customer 658,customer658@test.com,success,89.53,damaged,2025-08-29 09:35:33.181892
4a4c0474-0b77-4915-9203-5414cc593a19,9100000000245,81752fd3-abd2-4d17-97d0-36a6fa1bfcac,Customer 717,customer717@test.com,success,54.44,wrong_item,2025-08-31 07:41:31.547061
4a731add-59ff-4f8c-a675-23c9da463d8c,9100000000246,818f9ace-8b43-4f1f-ba7d-da14cdaa591b,Customer 163,customer163@test.com,success,139.73,customer_return,2025-04-04 09:07:07.719021
e3d8f639-427d-4936-b04d-7b233bcc39d4,9100000000247,81be3fff-6f43-4207-8dbf-259c7e2c7153,Customer 16,customer16@test.com,success,189.93,damaged,2025-03-21 11:16:16.692053
7e6066a8-2341-4674-81f3-9846d411fa95,9100000000248,821e47d9-d851-4b5d-a9b6-55a951483068,Customer 953,customer953@test.com,success,52.74,damaged,2025-11-26 09:00:46.878620
4aab22ed-b5c1-45fd-8dd7-129c90cc8177,9100000000249,821e47d9-d851-4b5d-a9b6-55a951483068,Customer 953,customer953@test.com,success,79.36,not_as_described,2025-08-10 13:46:08.477584
b1f0e84c-00f9-4c57-b44b-54611c652bfd,9100000000250,82ec222f-6dc4-4b93-a899-efafe3e6e32a,Customer 736,customer736@test.com,success,74.12,customer_return,2025-06-02 03:13:39.603636
7ede9010-0d4d-49ea-93c8-52c460573921,9100000000251,839959c3-85e8-458f-a41e-fc9b85e49714,Customer 805,customer805@test.com,success,76.14,damaged,2025-08-12 18:17:46.372562
b22b2987-78c7-4618-8e46-d8a6bc08743d,9100000000252,839959c3-85e8-458f-a41e-fc9b85e49714,Customer 805,customer805@test.com,success,78.71,customer_return,2025-09-19 07:28:09.438358
b22e6c0b-294b-4b91-8db2-1dbfcb55be47,9100000000253,83a120be-00b9-4488-88b1-f6b7aee66cea,Customer 718,customer718@test.com,success,15.21,not_as_described,2025-10-30 18:41:11.254670
4b0f91e4-6c29-416e-b1ee-e42f1bbc5c63,9100000000254,83a120be-00b9-4488-88b1-f6b7aee66cea,Customer 718,customer718@test.com,success,43.72,wrong_item,2025-04-20 03:55:51.172511
4b146563-5989-4c07-b643-499005e0e120,9100000000255,83ff2efb-873b-48e9-ac34-91e9b6e8ea0b,Customer 169,customer169@test.com,success,29.34,damaged,2026-01-25 06:03:38.961940
4b1dbdc0-a929-4e85-a783-65b86296b6cd,9100000000256,840b588b-3bff-4cb9-b9ae-e6fd81355ca2,Customer 176,customer176@test.com,success,47.60,customer_return,2025-06-14 02:07:42.627806
7f1bc14f-0434-400b-ba10-0378bc39969e,9100000000257,848e39b0-b7df-460c-9f07-f5e80a012b60,Customer 898,customer898@test.com,success,83.87,customer_return,2025-07-05 06:31:39.594945
4b4c1319-6ee0-42fc-b4a5-0153923043f3,9100000000258,85a6b3e9-e765-4918-a8d9-c6aa555a1728,Customer 781,customer781@test.com,success,52.02,customer_return,2025-05-13 14:55:56.925229
4b58e408-242b-45ab-970c-f69e32bca7f5,9100000000259,85d5b5ff-233b-4754-a4a3-3e0e94b39e0f,Customer 441,customer441@test.com,success,13.43,damaged,2025-03-23 08:54:56.084729
e52d86cd-0f7d-42ab-9fed-4a4a3365adda,9100000000260,868799d1-7522-4d2a-9d67-8160f34db08c,Customer 493,customer493@test.com,success,45.96,wrong_item,2025-07-06 19:01:02.441710
7f8421e2-3f52-4b2d-9289-d3fd5e9a67ff,9100000000261,86e3712e-2a36-496d-9db6-873fe4570494,Customer 562,customer562@test.com,success,30.71,damaged,2025-11-02 13:55:41.773030
b2c5c662-fe74-4c45-a59b-25709db0a0a4,9100000000262,86e3712e-2a36-496d-9db6-873fe4570494,Customer 562,customer562@test.com,success,25.99,customer_return,2025-06-29 08:36:47.335617
4ba0f907-ade8-465a-99ff-9ee606fc71a3,9100000000263,8835e93c-824d-4551-8889-2cc3c117478c,Customer 884,customer884@test.com,success,64.69,damaged,2025-12-05 12:26:32.502460
b3850d41-065c-4ebd-bb87-f14f55ab13fc,9100000000264,889503d0-8fa5-453f-843f-e9796ebb79f0,Customer 271,customer271@test.com,success,68.01,customer_return,2025-11-16 16:08:46.015050
e59a3420-4c48-4b06-a6c7-3308e6ee8a83,9100000000265,890cb7a8-b700-4804-9742-086c2fd80437,Customer 531,customer531@test.com,success,199.14,wrong_item,2025-11-20 15:56:17.339834
4c0a95b6-510d-494b-b9e4-3bd9334748a4,9100000000266,890cb7a8-b700-4804-9742-086c2fd80437,Customer 531,customer531@test.com,success,77.09,not_as_described,2026-01-18 03:57:21.482278
18219edb-0a05-4275-bacb-fe842831d92d,9100000000267,890cb7a8-b700-4804-9742-086c2fd80437,Customer 531,customer531@test.com,success,45.39,wrong_item,2025-08-01 03:03:35.383661
b3bd8093-8b37-421f-aa53-ec75f0787e23,9100000000268,89bc9c34-f623-4371-b0e1-9a27bad1da19,Customer 313,customer313@test.com,success,27.93,damaged,2025-12-10 03:29:17.434608
4c0c1833-105e-4f26-9d61-28e4ccdc3998,9100000000269,89bc9c34-f623-4371-b0e1-9a27bad1da19,Customer 313,customer313@test.com,success,0.15,wrong_item,2025-09-03 12:49:50.914044
e5e985d6-0e1a-48cf-8d1f-5b10187f4477,9100000000270,8aa28a91-0b7a-47ff-b2af-d796a900bfca,Customer 853,customer853@test.com,success,86.45,customer_return,2025-04-20 18:09:30.659617
4c289abe-1853-4e9d-a028-8e270aac734d,9100000000271,8baeff1f-8f73-4bc7-9a14-fede93ff99d3,Customer 879,customer879@test.com,success,24.02,not_as_described,2025-04-10 23:50:34.965229
80bc9e83-f2b3-45f0-8837-240749d774d1,9100000000272,8c6aee06-8681-4df5-858f-c9ebe3b599ef,Customer 707,customer707@test.com,success,90.97,damaged,2025-03-20 22:36:28.276089
b4026e50-fdfd-425a-8370-12ee9ae59be0,9100000000273,8caf13f7-8fbd-458d-88a9-a88f984f3811,Customer 460,customer460@test.com,success,112.30,customer_return,2025-03-20 18:56:13.783505
811d427d-c8e8-486f-a2f9-f9046538ec59,9100000000274,8e0a329b-08d5-46c4-aa80-2bd5eb196077,Customer 31,customer31@test.com,success,38.56,not_as_described,2025-11-26 17:34:11.412017
e693c491-09d1-49c5-a8d2-a4aefd429fc9,9100000000275,8ed5e322-f22b-463f-b39f-598abea6ca8a,Customer 655,customer655@test.com,success,137.21,customer_return,2025-12-10 13:26:10.682468
8135dd33-54f9-4800-840a-ef2e4aba5162,9100000000276,8ed5e322-f22b-463f-b39f-598abea6ca8a,Customer 655,customer655@test.com,success,168.04,damaged,2025-11-21 13:18:57.693097
e6a8af86-35fd-43ce-a8cc-b87422c3ef24,9100000000277,8f030bf6-cdcd-4174-9b98-4ecc4dde96fc,Customer 423,customer423@test.com,success,84.22,wrong_item,2025-07-24 13:55:03.186072
e6d4618b-34ac-4ace-90b1-afd174dec87b,9100000000278,901067ac-7f0d-44b1-a985-8c58f10ce6b3,Customer 990,customer990@test.com,success,35.19,customer_return,2025-05-11 09:07:44.266830
b45742ae-214b-4318-9412-6b0e4df83305,9100000000279,902e8325-eb62-4eea-be90-9d20ad901284,Customer 605,customer605@test.com,success,18.32,wrong_item,2025-06-08 01:25:56.320450
8156f8e9-c5f6-4b37-abb3-4c3ec18c28b8,9100000000280,902e8325-eb62-4eea-be90-9d20ad901284,Customer 605,customer605@test.com,success,7.26,customer_return,2026-02-05 10:48:49.636297
4cabb267-21e6-4a1c-a033-0b96808f1e19,9100000000281,91166f5b-bd61-4316-8670-95885de9a09a,Customer 705,customer705@test.com,success,51.06,not_as_described,2025-08-12 20:20:15.439111
81687173-63de-4877-be7c-4d6be5d44034,9100000000282,91166f5b-bd61-4316-8670-95885de9a09a,Customer 705,customer705@test.com,success,59.85,wrong_item,2025-10-30 11:09:16.184533
e74e71c6-3d53-488f-b5bc-62bfba6b100f,9100000000283,91fe711c-b9c9-4fbb-abba-74cf19f01b15,Customer 975,customer975@test.com,success,67.66,damaged,2025-09-28 15:13:28.778922
e7f51cb1-7d28-4c93-879a-c7229ae2eb52,9100000000284,94366c55-24cd-486b-81ec-70b48484a4b8,Customer 811,customer811@test.com,success,7.89,damaged,2025-10-14 03:41:40.671154
b4d580df-a6d4-41d3-a1ed-3c4f9c08af5b,9100000000285,94366c55-24cd-486b-81ec-70b48484a4b8,Customer 811,customer811@test.com,success,190.93,wrong_item,2025-10-17 17:47:33.065090
19ed47fb-a264-4dca-8232-fdf6a9a28ce0,9100000000286,94366c55-24cd-486b-81ec-70b48484a4b8,Customer 811,customer811@test.com,success,116.81,customer_return,2025-12-13 00:36:53.019372
1a1cfa39-1a06-4c80-8761-2871814e2d70,9100000000287,94520f6e-a953-4386-bcfa-fb899eb3567a,Customer 308,customer308@test.com,success,191.91,not_as_described,2025-04-13 07:10:16.706294
e8235789-77cc-4e10-b9cd-44263ac1c1b5,9100000000288,948105f1-4421-4cbb-86c5-1b3db345cd32,Customer 199,customer199@test.com,success,101.58,damaged,2025-09-03 11:31:11.943198
4d5313ff-7f8a-4acb-bfdc-862b43cc72ca,9100000000289,95242ee8-b811-465c-8169-2bc787df10dc,Customer 785,customer785@test.com,success,37.00,wrong_item,2025-07-13 00:49:35.022681
e84de88d-8bdc-4866-bd4d-e2f24dd9fd3b,9100000000290,958e7776-25e1-4053-88c6-71fd7088fdea,Customer 983,customer983@test.com,success,192.79,not_as_described,2026-01-30 21:17:19.123954
b569a3a0-1ba7-4975-8467-3237ec27855e,9100000000291,966e94d8-ef3f-44ef-bf33-0f13981554a5,Customer 374,customer374@test.com,success,68.97,damaged,2025-06-20 03:42:31.610693
b58cfe45-dbdb-4ce2-bc05-3195f47677a5,9100000000292,974943cf-29fe-438f-af15-cc4ca2823de6,Customer 17,customer17@test.com,success,39.38,damaged,2025-12-29 11:31:12.109225
4dc35918-4388-4542-bd97-4fbb4c8e8230,9100000000293,9763e695-b4e6-4588-8a40-bf33fd6ddaaa,Customer 973,customer973@test.com,success,35.92,wrong_item,2025-07-25 13:53:02.324551
83086fb1-b2ea-4499-9841-688d753ad337,9100000000294,9763e695-b4e6-4588-8a40-bf33fd6ddaaa,Customer 973,customer973@test.com,success,77.96,customer_return,2026-01-14 08:18:13.158659
4dc6c78e-aed6-401b-878b-c54c7b7646db,9100000000295,97c04a5d-f2ad-4644-8698-9e26e9e00ad2,Customer 188,customer188@test.com,success,111.83,wrong_item,2025-06-25 04:15:43.743412
b59cccad-08a4-450f-8215-d1da967002ef,9100000000296,981de96f-3e6f-4ebb-8fa6-ddccfff20121,Customer 766,customer766@test.com,success,5.35,not_as_described,2025-05-31 15:16:15.105686
83290b52-1eec-4b09-a7e5-33b927cbc73c,9100000000297,98830e38-0095-46cc-9e23-39801b320489,Customer 221,customer221@test.com,success,35.21,damaged,2025-10-08 11:19:02.690533
4df95ab5-2796-417f-9bd8-e02fb8c82a72,9100000000298,98c7ef86-fff2-4eb0-b185-3c6793b7c838,Customer 893,customer893@test.com,success,157.90,customer_return,2025-09-09 19:50:49.763269
4e0b9d50-a25d-48a7-aeeb-d9e699968f07,9100000000299,9a544c33-077e-4c80-a4b3-ecf0b1233e8a,Customer 585,customer585@test.com,success,50.37,customer_return,2026-02-02 22:14:20.739810
b5d49d45-f537-4600-aefd-a4100c3bc804,9100000000300,9b6c47e4-2c69-4855-b980-b91c2b609085,Customer 143,customer143@test.com,success,64.17,customer_return,2025-11-21 06:30:30.772346
1bdb4c3a-64d3-42f6-9ea9-61dc4692a3af,9100000000301,9c0c8aa7-069b-4e98-a8c7-032f99a09729,Customer 238,customer238@test.com,success,78.82,wrong_item,2025-04-01 01:36:38.572245
4e6b508a-d374-45ee-a432-d585fb3b2857,9100000000302,9c1f558d-8dd0-4f1a-a133-da27c02fde00,Customer 871,customer871@test.com,success,11.04,wrong_item,2025-07-06 07:30:12.646535
b607cbeb-0260-42ff-a024-e454ab85affe,9100000000303,9c1f558d-8dd0-4f1a-a133-da27c02fde00,Customer 871,customer871@test.com,success,128.79,damaged,2025-09-28 05:51:14.750955
83d6fd5c-bac0-41cf-87d2-40f4460613e4,9100000000304,9c95206f-7c8a-4ecb-ab06-ca5d4a5ace82,Customer 487,customer487@test.com,success,61.57,damaged,2025-09-20 21:48:02.989084
1c292a8c-0e60-4ab4-bbc3-df1578da9ba8,9100000000305,9ce7f77e-f74f-489f-91b3-f312c840829c,Customer 835,customer835@test.com,success,35.47,not_as_described,2025-04-20 22:41:18.577896
ea0ba76d-90c5-458a-bcf4-7c1b8b0c9377,9100000000306,9cf785d1-4a1e-4509-818c-c42301a537b1,Customer 431,customer431@test.com,success,12.52,damaged,2025-08-12 13:44:09.177399
ea26cbe9-f053-4471-af73-08345a505fb5,9100000000307,9dca74ab-f584-432e-9d6b-19ca3a8cac24,Customer 437,customer437@test.com,success,26.35,wrong_item,2025-09-05 03:19:59.505473
84959359-8bf2-4cc6-bd93-5e88f8866292,9100000000308,9f7bd092-c41c-467b-9eb3-5a7aea12ef3f,Customer 732,customer732@test.com,success,95.84,damaged,2025-07-21 22:42:14.948565
849bdf2f-a115-4e31-aed4-f189c52dafae,9100000000309,9f9ee9bc-1e01-4fde-8dcc-c7a1532cb683,Customer 619,customer619@test.com,success,156.00,customer_return,2025-10-20 09:02:06.885781
4f171585-e233-4e42-93fc-ebfef81e92d4,9100000000310,9fd4e103-169d-4cc6-bf80-4785483edaab,Customer 391,customer391@test.com,success,110.79,damaged,2025-10-08 03:23:56.915087
ead54ba5-af32-4e94-bb7e-0c346cc78c23,9100000000311,9fd4e103-169d-4cc6-bf80-4785483edaab,Customer 391,customer391@test.com,success,21.99,not_as_described,2025-02-24 19:06:36.031310
4f188907-d184-45c3-ab46-5b685b50cea3,9100000000312,9fd67e83-533f-4912-a39c-99433a934a0a,Customer 819,customer819@test.com,success,95.85,damaged,2025-03-15 08:25:23.467653
84a989af-a58e-4fcd-b123-248d2ef5fb27,9100000000313,9fd67e83-533f-4912-a39c-99433a934a0a,Customer 819,customer819@test.com,success,141.28,customer_return,2025-10-12 10:48:28.244899
eada1191-9407-4e5b-9558-152cc3df3a1c,9100000000314,a033d9f4-04a1-439b-b066-8d3d8b428828,Customer 422,customer422@test.com,success,87.53,damaged,2025-04-17 13:07:44.365429
eae94cb3-9720-4302-bee1-9580399d8667,9100000000315,a06bfb82-0d27-4537-8954-fcf0b4cf22c8,Customer 327,customer327@test.com,success,97.95,wrong_item,2025-12-26 13:07:49.566871
1cee24aa-f19c-41d2-a2f1-348150fd6d02,9100000000316,a06bfb82-0d27-4537-8954-fcf0b4cf22c8,Customer 327,customer327@test.com,success,12.08,damaged,2026-01-28 14:49:23.379503
eae9cff3-09b8-4614-9f44-832a7511392e,9100000000317,a0d0d724-eba0-4250-ab47-e3978405c987,Customer 439,customer439@test.com,success,79.31,wrong_item,2025-04-27 16:01:13.542632
4f5ee9de-6296-496b-897e-18b8325482ed,9100000000318,a120bf9d-865a-4425-9e27-169a7b9f994e,Customer 280,customer280@test.com,success,55.50,customer_return,2025-02-11 15:05:23.308982
b7241ab0-d701-44b0-a443-961a3c151306,9100000000319,a126914d-9dfb-43f6-a725-24243ccfd2c4,Customer 700,customer700@test.com,success,176.71,wrong_item,2025-10-27 13:30:03.579264
eb00d3cc-d714-441b-90f5-69f2e16afe4a,9100000000320,a184a8b8-743d-4db1-9c79-6195d463cb81,Customer 725,customer725@test.com,success,50.30,damaged,2025-05-22 12:33:13.503640
4fd6d4fc-a22d-477f-bf98-fe55f53d4286,9100000000321,a2b1abcf-431a-4434-8e3c-bdcaed8512a9,Customer 653,customer653@test.com,success,80.28,damaged,2025-06-26 17:51:42.976833
b7648aee-3696-43c3-a6c6-05736e1bc6a8,9100000000322,a2cad798-6ca8-4714-9f18-b1df7a1e06a3,Customer 95,customer95@test.com,success,106.54,customer_return,2025-04-08 03:47:36.789674
4fe34673-c69e-4aec-bbbe-37ba4bfd0e60,9100000000323,a38ff8e7-d127-4f6d-a268-6fb7a5229138,Customer 215,customer215@test.com,success,6.26,wrong_item,2025-11-03 07:23:50.822865
1d9d3475-0d8f-4219-8092-0cc80bdeb378,9100000000324,a42c0a97-044a-4a4d-a8f6-928cebe49b99,Customer 544,customer544@test.com,success,18.69,wrong_item,2025-12-20 03:39:06.879477
eb71cfe1-cbc8-4f88-815d-d7898a2dda19,9100000000325,a42c0a97-044a-4a4d-a8f6-928cebe49b99,Customer 544,customer544@test.com,success,75.61,customer_return,2025-03-11 04:39:15.523304
b7a90e95-0c68-4059-bcb1-d9382b0ae39e,9100000000326,a54eeca5-676c-4804-b8a7-4c004db9ba7c,Customer 366,customer366@test.com,success,3.54,damaged,2025-11-11 03:39:20.193477
858df8f3-108c-4ff3-a3c8-e6cba6011abc,9100000000327,a551d798-3cf3-42a4-81e6-df6eb3dda3e4,Customer 527,customer527@test.com,success,47.61,wrong_item,2026-01-15 11:17:10.281262
5079c9c0-b9f0-4d24-8eee-3cbdd3fbf453,9100000000328,a5be6f71-9a03-4d29-bd33-93d7568ca911,Customer 307,customer307@test.com,success,38.42,customer_return,2025-02-17 17:23:28.867557
507afb4c-3e6d-481f-997b-7f99728f2aac,9100000000329,a61a1cfc-cafe-459a-ad7e-ba0eaec0c998,Customer 75,customer75@test.com,success,82.40,damaged,2025-02-19 15:02:45.780632
5190734e-b680-4dc1-bfc7-1aad75e15a2d,9100000000330,a9fed6ec-3022-44b8-894a-a875c84ee170,Customer 373,customer373@test.com,success,69.15,not_as_described,2025-02-17 18:09:24.827034
87149f6d-e1ba-46c9-81a3-8c5238a92f53,9100000000331,aa28e8ca-e373-427d-8aab-24a42e34f77a,,,success,51.26,damaged,2025-05-02 03:42:09.545544
b93f13bd-e246-4e23-adf1-6303a19d3308,9100000000332,ab1a5160-1ca8-48a4-8feb-1012a9be3261,Customer 322,customer322@test.com,success,81.00,not_as_described,2025-05-01 18:26:47.171444
ed62d219-c01a-427b-b70a-b475ae8c0e0a,9100000000333,ab1a5160-1ca8-48a4-8feb-1012a9be3261,Customer 322,customer322@test.com,success,61.45,wrong_item,2025-10-16 23:39:05.243893
b97171e8-79a2-4d21-8c85-f403eec23695,9100000000334,abcc1df8-a027-409b-8354-b7f6c82f46fb,Customer 690,customer690@test.com,success,156.00,wrong_item,2025-06-13 02:12:48.616275
b9b8896d-8c53-4d5b-91f1-38f5a3cf3d5e,9100000000335,ac9f3e18-ed25-441e-a043-1d05b8a9d545,Customer 497,customer497@test.com,success,79.62,damaged,2025-08-19 08:19:01.911301
87fc6719-4a28-4160-98ab-4728dc080fe4,9100000000336,ad6cc344-d74e-4b01-8004-236ba59c7b7d,Customer 186,customer186@test.com,success,17.38,customer_return,2025-09-29 01:44:35.947822
ee09beea-6e03-4272-9d69-0f18a9550355,9100000000337,ad6cc344-d74e-4b01-8004-236ba59c7b7d,Customer 186,customer186@test.com,success,10.04,wrong_item,2026-01-12 05:21:00.911426
ba376d3c-711d-40f7-99b5-cb0bc3865900,9100000000338,ae138150-6aef-408e-b833-8da78d474625,Customer 364,customer364@test.com,success,126.47,not_as_described,2025-11-22 00:20:23.423521
ba594d1b-912c-4988-8d58-45b6fb808b5a,9100000000339,af063a06-72a4-4b3d-9975-d98d0bf9a934,Customer 253,customer253@test.com,success,39.70,not_as_described,2025-07-14 02:46:19.102124
885aaee1-a3aa-48c9-a7b7-383d42950bbc,9100000000340,af063a06-72a4-4b3d-9975-d98d0bf9a934,Customer 253,customer253@test.com,success,195.37,customer_return,2025-07-03 18:07:42.418811
53808b8d-45e5-47e3-8086-943e2dc17ca0,9100000000341,b03d6f6c-cb81-4f3c-9481-c4c7a0a71dba,Customer 822,customer822@test.com,success,63.23,customer_return,2025-08-25 01:55:44.904982
20aec711-89b7-4bda-94c6-8037d3a9ad0f,9100000000342,b10e8b81-a8aa-425a-8795-7b4c0f83bc04,Customer 622,customer622@test.com,success,93.22,customer_return,2025-02-26 02:27:32.928436
53df60db-1d8d-49c0-b8ec-61bac4e687b1,9100000000343,b13263ef-251f-46c8-a11e-479033daf1c4,Customer 389,customer389@test.com,success,185.47,damaged,2025-03-28 14:10:38.629952
890bd3bd-978a-48c4-ab49-ac0f5d217ae2,9100000000344,b15ee947-3e5c-4681-ac76-9e2e671ed56c,Customer 54,customer54@test.com,success,9.65,wrong_item,2025-08-12 21:46:58.031380
8914d9df-42d1-41a3-88fe-8ea8730b1081,9100000000345,b1fca7fc-8dd2-4f0e-902b-77af68e315d9,Customer 518,customer518@test.com,success,94.33,damaged,2026-01-20 07:30:02.129735
8922ab09-015d-495c-9c2c-bd013659de59,9100000000346,b2e502b2-0b12-48af-9b09-df91940ab295,Customer 376,customer376@test.com,success,54.64,wrong_item,2025-03-29 13:33:17.733216
544ff528-1dd6-4043-bb80-c409e1a99317,9100000000347,b38a445e-980b-4159-8591-be92d01a577b,Customer 993,customer993@test.com,success,118.47,damaged,2025-05-27 02:38:21.354380
54616ea2-3cc2-468a-872d-ab86e1e72ee5,9100000000348,b38fceb6-87e0-4dc6-b508-d83ec33e36d0,Customer 402,customer402@test.com,success,149.57,wrong_item,2025-06-23 17:08:39.998244
ef74dcd7-4825-4688-b5b7-1ed5c1b3f008,9100000000349,b40da5cf-3fd2-4380-ad48-de36b17777a1,Customer 697,customer697@test.com,success,75.34,not_as_described,2025-06-01 04:12:29.330602
547d538a-f67d-456d-832a-7e12ca4b8fa4,9100000000350,b4433bf7-23ca-402d-9bcd-c1b93a8eda68,Customer 633,customer633@test.com,success,9.95,not_as_described,2025-06-01 16:58:05.939560
ef7ed77c-2e52-42d8-8a25-7abd9d23e912,9100000000351,b4433bf7-23ca-402d-9bcd-c1b93a8eda68,Customer 633,customer633@test.com,success,85.03,wrong_item,2025-10-29 03:15:55.591070
ef7f458e-e40c-4bae-8ae4-cd13a6b41594,9100000000352,b464a0d6-08c0-47f2-b6c1-b122f4e9e159,Customer 201,customer201@test.com,success,32.64,damaged,2025-12-25 14:13:33.190593
5502979c-4099-4193-9281-8cc72ebc77de,9100000000353,b5a10cb0-309b-4f00-8b81-901ba9725bba,Customer 925,customer925@test.com,success,89.79,not_as_described,2025-08-25 01:30:19.320354
5503cfce-b9f8-4f28-9f65-c88dd1c3f47a,9100000000354,b66f3539-4c8e-4666-b227-17ef9e87fba6,Customer 672,customer672@test.com,success,50.37,not_as_described,2025-09-09 14:11:40.450669
f0426787-0dec-49f3-bcd6-e2943c2fe2fa,9100000000355,b804c131-cf89-4094-9fd5-76684e364339,Customer 855,customer855@test.com,success,87.93,not_as_described,2025-07-21 19:47:34.227323
bca63139-8425-42f5-8ff3-3660261d50b7,9100000000356,b8aa7d59-1337-49bc-a34a-b85293d8ee03,Customer 932,customer932@test.com,success,189.60,damaged,2025-04-13 04:18:00.819866
8ac493c7-d928-4062-9533-65ad83704b9b,9100000000357,b941ed00-ae31-4aec-9575-91a784afa187,Customer 572,customer572@test.com,success,58.76,wrong_item,2025-05-26 21:19:29.888259
22c90dfb-0ce4-4982-9515-1a6b5f8eb99d,9100000000358,bae6de5d-6cae-4a9c-9a57-20d128fe122c,Customer 650,customer650@test.com,success,88.60,wrong_item,2025-06-12 16:14:31.802378
bd72025c-72e1-4fc8-95a2-4ca7a43ca535,9100000000359,bb61edca-1667-4d88-81a6-db6e580560b3,Customer 155,customer155@test.com,success,165.03,customer_return,2025-09-06 17:09:30.994425
8b4b8ef2-d6a0-4ac6-a112-9f0d639ca3c1,9100000000360,bca92d52-8a4f-49c6-b221-9c045fc7d25c,Customer 123,customer123@test.com,success,89.00,damaged,2026-01-20 22:17:31.911992
568419de-2fa0-40f7-9d3f-b0a996f43659,9100000000361,be3c8785-b2b5-4a55-accf-444ee2699db6,Customer 926,customer926@test.com,success,57.51,not_as_described,2025-07-29 04:49:31.290741
f1ac012c-c49f-4c4f-82c3-8756f1986a6a,9100000000362,c0205bbb-ea33-4b9d-ae9d-5001d5f26f2f,Customer 267,customer267@test.com,success,64.00,wrong_item,2025-02-14 14:45:16.814670
bdf2e1d8-0d42-4743-a3d1-18f56b31ec0a,9100000000363,c0205bbb-ea33-4b9d-ae9d-5001d5f26f2f,Customer 267,customer267@test.com,success,67.49,not_as_described,2026-01-19 10:11:21.630238
8c057875-4afe-4e3c-b65b-a94118bda0b7,9100000000364,c0b252a4-ae5b-448e-80dd-bd26fc553bfc,Customer 315,customer315@test.com,success,115.55,wrong_item,2026-01-31 08:52:32.319887
23bebaa4-04a0-4010-b5e3-6b6d341caa23,9100000000365,c0c9c0ae-b320-4de2-9301-c2912bf73603,Customer 404,customer404@test.com,success,51.80,not_as_described,2025-10-01 02:39:53.584512
8c2b120f-0d52-4b25-9c8b-9b29bc08d6b3,9100000000366,c0cac111-3075-4aba-b023-9ec099f81961,Customer 302,customer302@test.com,success,70.47,not_as_described,2025-09-07 05:11:21.537371
be1f6793-fc4f-4269-823b-4380f92304de,9100000000367,c1736206-a377-4084-a3d1-113c60f6055a,Customer 608,customer608@test.com,success,49.76,not_as_described,2025-09-03 20:14:46.008117
57dae294-b91e-45cd-b618-0d6ddf74c3a7,9100000000368,c38b9bca-4715-4b83-b3fe-9812f030d4be,Customer 67,customer67@test.com,success,97.65,damaged,2025-08-26 17:04:50.922636
f2e73562-6665-4aea-8d9d-d591dbf2685a,9100000000369,c4305add-c8fb-4b84-82c8-9b44fad66026,Customer 468,customer468@test.com,success,12.76,customer_return,2025-10-24 08:05:34.602750
24cc4d3f-31f3-44ec-b182-f1f182120fcd,9100000000370,c53642ca-cf2b-43a6-b52f-e941da3ab6c4,Customer 998,customer998@test.com,success,55.00,damaged,2025-12-26 20:26:52.362105
bf2c4e09-15ba-4d28-8c07-4a6ae88ce237,9100000000371,c5b7c7c7-be1b-4831-b5df-c97810eba95a,Customer 279,customer279@test.com,success,80.55,damaged,2025-07-24 06:09:58.763742
bf370ec2-7f7f-4194-9d61-1ff9467e1f4b,9100000000372,c6706175-13f2-4307-be65-6a7ef0825646,Customer 843,customer843@test.com,success,9.11,damaged,2025-05-01 01:19:08.768138
586a4dfd-0465-4ffd-897b-aabb39589bfa,9100000000373,c72b2596-fae6-4311-a0df-c3c6a0d330a5,Customer 365,customer365@test.com,success,13.64,wrong_item,2025-05-26 18:14:39.398924
bf838d6f-a48a-47c1-a603-4d9be55f602b,9100000000374,c7b615fb-4b36-4638-893b-4d3e83861c5f,Customer 361,customer361@test.com,success,53.48,not_as_described,2025-05-30 18:07:32.022448
58de8c84-f11f-4c6d-944c-8707bb00caf9,9100000000375,c7e5aa82-4adc-4880-a869-6db60de1faa0,Customer 242,customer242@test.com,success,56.62,customer_return,2025-10-05 02:12:36.272106
2538674f-7032-4c41-b6c9-a4b5249f7fad,9100000000376,c7e5aa82-4adc-4880-a869-6db60de1faa0,Customer 242,customer242@test.com,success,80.46,wrong_item,2025-08-27 11:31:17.256135
bfa517e2-71ab-4d99-be47-f4a28fa30b54,9100000000377,c8af311b-174f-482c-9e5c-847053e02dfb,Customer 106,customer106@test.com,success,80.02,not_as_described,2025-09-10 12:05:29.449245
bfaab45a-bacc-4da3-862c-dfb26af66a93,9100000000378,c8da66aa-70a6-4544-accb-634af5a6056a,Customer 984,customer984@test.com,success,13.29,damaged,2025-10-12 19:51:10.865796
59022a6f-7b3d-4404-9270-7fff425a857c,9100000000379,c8ee7f32-4479-45bf-b0ca-7f1813f0b272,Customer 111,customer111@test.com,success,41.34,not_as_described,2025-05-13 16:42:17.190803
26242c3a-b495-4772-83f7-c3838db41ebf,9100000000380,cb7c6731-c050-4b18-8614-d4029b6ce8bf,,,success,152.30,customer_return,2025-02-28 18:07:54.814742
c026843a-7ab2-49f0-88be-3fd00c1cf7f1,9100000000381,cc2665ec-4eed-4409-9a8c-038b7d859f89,Customer 309,customer309@test.com,success,25.39,customer_return,2025-06-09 08:20:12.453270
c036026a-b1ce-44a3-b535-d132488cbcdf,9100000000382,cc5e9388-bb4f-4aeb-8511-c20bdb4121a3,Customer 874,customer874@test.com,success,65.78,wrong_item,2025-02-25 11:19:02.057248
264d250a-eb61-4c76-905a-d690f0881456,9100000000383,cc5e9388-bb4f-4aeb-8511-c20bdb4121a3,Customer 874,customer874@test.com,success,97.14,wrong_item,2025-02-11 21:03:00.056259
c08ce65d-62af-4b9f-8c92-2a269a086038,9100000000384,ccef2f03-a815-4a3d-9b19-7a6f8b6016bc,Customer 353,customer353@test.com,success,68.14,customer_return,2025-02-25 23:13:20.005825
8eaa7d4a-2739-43de-b4d2-94f840f915b2,9100000000385,cd8f0e21-5790-4e7b-b4dc-1394cc0fb0dc,Customer 11,customer11@test.com,success,20.61,not_as_described,2025-08-29 20:10:55.046047
f5161e94-7e1a-49b6-9fcf-b86b74f57736,9100000000386,cde0e1d4-bc8e-4bc7-b8b5-41f54cd05cf6,Customer 428,customer428@test.com,success,84.28,not_as_described,2025-08-17 01:13:24.072840
8ec88bee-a16d-4c88-a4c4-06f55e370d39,9100000000387,ce115497-07c3-4445-b557-4d0681a99543,Customer 504,customer504@test.com,success,48.80,customer_return,2025-02-15 18:18:11.722370
5a7121ff-90a4-4fbf-8588-b1c78f3db7a7,9100000000388,ce2a3e74-d856-4044-aa93-292860c71ecc,Customer 920,customer920@test.com,success,67.40,wrong_item,2025-08-24 00:46:52.300563
c0f1957f-9de4-4758-8bad-407a14505be5,9100000000389,cecd99cc-937f-4d1d-bc87-07cc1a823022,Customer 651,customer651@test.com,success,21.78,customer_return,2025-09-14 22:19:00.581798
5afa7851-78e5-49ce-beaf-d247b91749d0,9100000000390,cf993e12-936d-47c8-944e-866f13b64c7a,Customer 157,customer157@test.com,success,56.22,wrong_item,2026-02-02 12:37:54.571660
5b020157-d686-4b1e-b90b-119cfc6b90f6,9100000000391,d0d8f376-6fa4-4f74-b15c-64e917c57450,Customer 740,customer740@test.com,success,70.65,not_as_described,2026-01-22 07:40:53.410629
f64bb465-2713-4611-b8eb-352117a10944,9100000000392,d1065d31-c6f7-4ad0-8f6b-7280145fecee,Customer 824,customer824@test.com,success,56.30,not_as_described,2025-11-08 01:40:40.853360
f691efcd-a9c4-4fdb-90e0-686588d18dc3,9100000000393,d259b83d-da26-46e1-8200-c7479f996413,Customer 202,customer202@test.com,success,66.84,customer_return,2025-08-06 10:19:27.161821
5b403cb3-a48f-4ced-bc46-060c48a5bb5a,9100000000394,d259b83d-da26-46e1-8200-c7479f996413,Customer 202,customer202@test.com,success,17.91,customer_return,2025-11-05 03:14:54.969038
8f8c997c-22b3-4119-a2ee-71a1e7db0efb,9100000000395,d26d25a6-0586-4c41-85c1-1fa9278aa8e7,Customer 112,customer112@test.com,success,157.56,not_as_described,2025-03-12 21:17:45.882797
2828d65b-cabe-4c26-aa27-b9d8dd0dba34,9100000000396,d26d25a6-0586-4c41-85c1-1fa9278aa8e7,Customer 112,customer112@test.com,success,63.98,damaged,2025-05-27 11:41:50.683573
c179c5da-fe7b-4d42-8b07-d05608e6f7f6,9100000000397,d27a3951-3e05-43ed-95a9-855f1b847b3b,Customer 239,customer239@test.com,success,35.45,wrong_item,2025-10-17 13:33:52.198913
8fbad36c-e5b9-481f-8b33-020f9d60b97d,9100000000398,d282ff94-3e5d-4b81-8d52-17fb5d825164,Customer 601,customer601@test.com,success,51.99,not_as_described,2025-08-26 16:08:41.242516
f6f793d8-aae6-4175-b034-eb49578a4590,9100000000399,d2a995b2-5bad-432b-bcf9-18adbbecdabb,Customer 903,customer903@test.com,success,6.84,customer_return,2025-03-02 06:41:32.652677
c1c48a06-49ab-45b2-8e32-cdfa6bf19628,9100000000400,d31d6956-0e92-4368-ad8f-49b53f87c3ad,Customer 545,customer545@test.com,success,47.47,customer_return,2025-06-16 02:53:13.358689
c1ec6c55-21e7-4c04-a669-d68c0d761c24,9100000000401,d34e8426-1535-4a1c-b7b2-69cf15a6d2d5,Customer 72,customer72@test.com,success,33.77,not_as_described,2025-12-07 16:34:02.553434
c20c7683-93b3-4679-b49a-21596027a7a0,9100000000402,d3f221f7-7050-4475-8e80-be3c4cccf5a0,Customer 24,customer24@test.com,success,7.52,wrong_item,2025-05-05 09:05:51.175731
28dbc2e3-656c-42a2-81e5-508a08100ce1,9100000000403,d4702c3e-d893-49a6-aabf-06e008cba09a,Customer 862,customer862@test.com,success,94.95,damaged,2025-11-18 05:00:51.924882
c252099d-fbd3-4548-a881-7e229d3eb5d4,9100000000404,d4702c3e-d893-49a6-aabf-06e008cba09a,Customer 862,customer862@test.com,success,188.60,not_as_described,2025-10-11 05:50:40.784399
903c67d3-3c72-45f9-92b3-4bfbdf9527d4,9100000000405,d52fe3ee-4d23-4770-a9e9-6a010674fb2a,Guest Customer,,success,35.44,damaged,2026-01-08 02:57:41.150316
904bddb2-3763-4d06-ad7e-2865b13e2745,9100000000406,d58a2434-9caa-4231-9796-4bdbb3ba4e63,Customer 483,customer483@test.com,success,11.39,damaged,2025-09-23 19:49:44.584864
290ba9b5-4f7b-4d80-ada3-dafa17d94198,9100000000407,d5ac4d4a-c068-4faf-bbe9-e7da82ed5224,Customer 291,customer291@test.com,success,6.16,customer_return,2025-03-04 22:52:22.912398
5c4c963d-1b09-49f2-92ac-bb0dcdedb2be,9100000000408,d5f1ef24-ba4a-4a27-8823-1b71704dcb8a,Customer 243,customer243@test.com,success,194.30,customer_return,2025-06-29 18:40:15.678495
291fa73e-087c-40cf-8f3f-b927ba885507,9100000000409,d5f1ef24-ba4a-4a27-8823-1b71704dcb8a,Customer 243,customer243@test.com,success,25.48,customer_return,2025-02-12 23:23:08.965230
f81e21d0-90a6-455e-9267-5a6765ae7d0e,9100000000410,d5f1ef24-ba4a-4a27-8823-1b71704dcb8a,Customer 243,customer243@test.com,success,50.37,customer_return,2025-12-29 15:35:55.029827
c2a7fea3-58b2-4246-9fad-41cccf8ab4a5,9100000000411,d638adfa-63b1-4666-8e96-f99ff19a5228,Customer 240,customer240@test.com,success,51.78,customer_return,2025-11-24 16:52:36.231935
907cb825-1b7a-4ddd-a44c-d92aef13dadf,9100000000412,d638adfa-63b1-4666-8e96-f99ff19a5228,Customer 240,customer240@test.com,success,37.98,damaged,2025-09-10 16:28:12.725045
f854161a-064c-4bd9-8ebd-66814a89a024,9100000000413,d782d444-07c5-4b19-94df-fcee14487567,Customer 403,customer403@test.com,success,176.94,customer_return,2025-05-30 02:38:29.938022
5cba9f95-5812-416f-9309-d84404dcb0b2,9100000000414,d85705c5-7041-42f6-b5ce-bce961179e03,Customer 125,customer125@test.com,success,199.63,not_as_described,2025-02-23 22:32:59.499225
c2f98831-3e4e-4f47-96f1-5ca33ba7134c,9100000000415,d8f48dc2-a020-4460-a6bb-fe485c336ebc,Customer 566,customer566@test.com,success,41.88,wrong_item,2025-07-12 13:25:15.527460
29d1f1e8-f5f5-4b6f-a60a-4013147eba26,9100000000416,d91e126a-8301-44ec-ad60-a6939467b24a,Customer 716,customer716@test.com,success,159.00,customer_return,2025-05-14 05:16:31.357393
5d28d25c-a21f-46b4-8432-bc422254bd51,9100000000417,d91e126a-8301-44ec-ad60-a6939467b24a,Customer 716,customer716@test.com,success,68.80,wrong_item,2025-10-11 13:36:50.218940
29f983f2-b797-42e9-b5c9-df32750ccb80,9100000000418,d971c374-dc89-4489-b09b-3e78ce4caf74,Customer 784,customer784@test.com,success,159.08,customer_return,2025-04-20 09:55:03.364217
9136fe91-1a9a-4eca-850f-f17164c3a16d,9100000000419,da19759f-b72f-435c-b2ef-f2f67224872a,Customer 14,customer14@test.com,success,48.84,wrong_item,2025-07-21 14:38:57.410261
9149819a-f81f-44af-8d13-f064fac67184,9100000000420,da3d843b-f49c-4e9b-98c3-96c2e8a1fcb7,Customer 288,customer288@test.com,success,39.12,customer_return,2025-04-21 11:10:01.670716
c37efa47-2d0f-44fa-9062-48fcc1faa281,9100000000421,dab795bc-8c67-4b8a-b677-eff7703aee27,Customer 145,customer145@test.com,success,56.61,wrong_item,2025-10-28 08:05:07.925324
c39957e9-48ac-4159-8e39-0a843b95d73d,9100000000422,dad40231-1785-43f3-b3b8-40dd74e3fe05,Customer 142,customer142@test.com,success,162.89,not_as_described,2025-03-08 03:17:13.220685
c3e39347-4858-4d1f-b9f1-558f3e572528,9100000000423,dd0b52c8-1cde-4af5-892a-c43a22b59577,Customer 571,customer571@test.com,success,41.02,wrong_item,2025-08-13 00:43:03.399697
f9728812-2070-4546-9c7b-a0f90ea4fe07,9100000000424,dd128584-3cb5-4504-b449-a9147517c625,Customer 7,customer7@test.com,success,99.42,customer_return,2025-08-01 23:29:31.968247
c41cb14e-df31-4ebd-a9e0-13ef4e7d5cac,9100000000425,ddb026f0-6c12-4cab-b560-8bc8a0bb8856,Customer 842,customer842@test.com,success,35.85,damaged,2026-02-01 13:43:59.885226
5e5e2e37-643f-409c-bd53-8ad7fe363c0c,9100000000426,ddcbfe8f-4685-4c3c-a725-fb57d67355dc,Customer 827,customer827@test.com,success,35.87,damaged,2026-01-06 03:31:16.528665
c43639a9-9a3f-4ec5-bf6d-e8321ddd5bb9,9100000000427,ddcbfe8f-4685-4c3c-a725-fb57d67355dc,Customer 827,customer827@test.com,success,10.00,customer_return,2026-01-11 23:28:21.300410
92460c9b-c309-476d-b608-ea03e298fa3a,9100000000428,de675233-d9d8-4730-895d-fcefaf874fed,Customer 882,customer882@test.com,success,48.77,not_as_described,2025-06-01 12:10:14.483180
5e73b731-bdb6-4a3c-bd43-5d6718bce2f6,9100000000429,de675233-d9d8-4730-895d-fcefaf874fed,Customer 882,customer882@test.com,success,72.90,damaged,2025-05-07 08:09:06.036529
5e7fa24a-ca1e-4064-923a-efe4826d39a9,9100000000430,deaf0c60-9edc-43f0-8157-a278840da979,Customer 228,customer228@test.com,success,87.11,not_as_described,2026-01-08 20:57:27.947573
f9fc355d-1553-4954-baa9-437b01f734b8,9100000000431,def36e50-3d58-4774-a9fc-967c6495d5da,Customer 50,customer50@test.com,success,51.07,not_as_described,2025-02-16 11:31:16.650699
fa0c1e3c-b785-4dcd-9e38-103ea00f8669,9100000000432,defd31ef-4df7-4eca-a74d-505125049923,Customer 839,customer839@test.com,success,13.83,not_as_described,2025-11-06 00:54:35.280190
2b6425ea-0be7-4e5b-8469-ab0c49a3c302,9100000000433,df05d0c1-8c6d-49a1-9047-c434a4c69168,Customer 818,customer818@test.com,success,134.31,wrong_item,2025-04-16 09:00:44.283229
5f2258b1-2e2f-4dfb-a13b-204f8db116a8,9100000000434,df3257b1-1880-4cdc-be54-7ca5fadb8c90,Customer 343,customer343@test.com,success,172.95,wrong_item,2025-06-05 11:45:13.158457
5f4b367e-4afc-44e0-a396-a6e4e202d66d,9100000000435,df9d2073-7dfd-4fec-b285-804f1b898937,Customer 297,customer297@test.com,success,11.98,customer_return,2025-07-20 23:55:30.092345
92ceec6d-528c-4317-ad2f-d1e33cf7ba5d,9100000000436,dfb50463-bfe6-4f5e-ba8e-9187a39cf45d,Customer 370,customer370@test.com,success,123.33,damaged,2025-10-09 10:40:35.872384
2c2181c5-a3c6-4660-bb8e-2f7ff52674c8,9100000000437,e0504e9b-2393-4bb1-b52b-731dc7093233,Customer 294,customer294@test.com,success,27.66,damaged,2025-10-04 12:59:12.907799
c4fde25b-c8db-46fa-9cad-1e45db932ff2,9100000000438,e11ec6de-e528-46c9-a758-cd083c129f67,Customer 743,customer743@test.com,success,36.82,damaged,2025-07-02 00:00:55.211334
2c2d27ac-99db-4dde-9048-eba9d3e1a10b,9100000000439,e203726a-f503-456a-940f-160e73acf633,Customer 576,customer576@test.com,success,102.10,customer_return,2026-01-20 07:40:47.888855
c5098fa7-ffc0-49b5-96a0-c890bcabbd1c,9100000000440,e256d534-5f4b-4fdf-a141-aae325a745bb,Customer 609,customer609@test.com,success,82.02,wrong_item,2026-01-19 00:22:46.769392
c50a49e2-f347-41d5-a854-601c257dc8eb,9100000000441,e268e80c-4350-4784-8fc6-b0f355e9cb1e,Customer 905,customer905@test.com,success,127.89,not_as_described,2025-11-30 00:42:36.519237
2c48851a-2a66-40dd-a21b-4efa59cb5791,9100000000442,e268e80c-4350-4784-8fc6-b0f355e9cb1e,Customer 905,customer905@test.com,success,97.35,customer_return,2025-09-10 07:51:04.122367
6028ec60-31fc-4941-b68b-aa152c43d42a,9100000000443,e27f69d9-f700-4796-924c-1b1841a48b68,Customer 56,customer56@test.com,success,30.02,damaged,2025-05-24 16:28:08.078803
602b6fe9-40e0-4306-92d3-1639f0c50404,9100000000444,e2d8162f-7c1d-4fcc-aa1d-09b96f2d8c07,Customer 755,customer755@test.com,success,54.53,not_as_described,2025-09-26 21:21:47.981733
fac503a0-99d1-473a-bf30-396163c7b046,9100000000445,e30ff66b-105b-4405-978d-bb83b45636de,Customer 182,customer182@test.com,success,187.16,wrong_item,2026-01-04 01:33:17.556954
fadc251c-e898-430f-b56d-c9d2082a9a50,9100000000446,e31c8f2a-adc6-4915-a4f5-4c262db5ef3c,Customer 791,customer791@test.com,success,63.60,not_as_described,2025-03-20 09:11:17.214418
c5684f0d-08e5-40ed-8342-16d3ec232d82,9100000000447,e5c1f1d9-5b9f-4481-9afa-d27bc2b08df7,Customer 478,customer478@test.com,success,87.64,damaged,2025-12-25 20:53:27.043801
2d05413e-4cb9-4bae-bc54-33dc98027161,9100000000448,e5c1f1d9-5b9f-4481-9afa-d27bc2b08df7,Customer 478,customer478@test.com,success,51.98,customer_return,2025-11-19 18:37:09.838250
fb560b76-5d72-4008-85e0-184c77ca8dfe,9100000000449,e62e2f96-b4f5-4a52-bdf6-8f20d1763d40,Customer 304,customer304@test.com,success,61.30,customer_return,2026-01-09 09:36:32.628516
c588f323-eb20-451a-8c57-e8883d209c28,9100000000450,e6d33069-6bf2-4fa6-9d69-e93528a539c4,Customer 179,customer179@test.com,success,91.36,damaged,2025-07-14 10:58:05.858126
940fd06b-380d-49f1-96cf-4c06c47ba597,9100000000451,e7018c87-5222-452a-a294-a7110d94c0f3,Customer 481,customer481@test.com,success,59.44,customer_return,2025-12-01 03:36:50.553950
2d81ca70-d6a9-41ed-a650-508b37ca6305,9100000000452,e749816a-5890-44c9-b82d-fe5aedcab544,Customer 671,customer671@test.com,success,148.87,damaged,2025-04-15 08:34:05.310963
945a7edf-eb0f-47f1-a987-a93d797f3f20,9100000000453,e99e620f-26e4-4382-bb12-45a8d9263196,Customer 473,customer473@test.com,success,54.12,damaged,2026-02-08 06:53:10.647938
fba615ba-bacc-4901-ae46-2e16cc602f67,9100000000454,e99e620f-26e4-4382-bb12-45a8d9263196,Customer 473,customer473@test.com,success,76.33,customer_return,2025-08-20 21:49:10.237857
61bea81c-cc7b-4b13-b303-291252912711,9100000000455,eaa22cf2-b159-451d-bca8-537ea43beb14,Customer 388,customer388@test.com,success,81.55,wrong_item,2025-03-06 20:49:08.479312
61ff724e-dd60-4565-832d-ef5d7d44a18f,9100000000456,ec4648ad-188d-4962-8f2b-c3f15a52526e,Customer 55,customer55@test.com,success,133.29,not_as_described,2025-08-08 09:17:17.586370
620c5a96-5265-4332-886e-76ced6ca2f76,9100000000457,ed09bca6-8191-4a49-b112-d62dd5f2791b,Customer 911,customer911@test.com,success,9.43,wrong_item,2025-09-13 11:56:33.863716
c73514fc-2ea5-4f15-b0ee-58856b220872,9100000000458,ed6baba8-e6a7-4768-88a7-25ad9a02d72e,Customer 759,customer759@test.com,success,3.19,wrong_item,2025-11-08 07:51:14.559735
95016cf1-ff0a-4fae-a047-5432fd9a66de,9100000000459,edc0230a-8877-4638-b715-2588708c8646,Customer 793,customer793@test.com,success,18.12,not_as_described,2025-09-14 05:51:43.121930
2f100082-591e-4b66-b1bd-75e8c9a38812,9100000000460,ef243dcf-5273-4b45-b3cf-2606a8d81564,Customer 762,customer762@test.com,success,138.38,wrong_item,2025-05-19 13:55:00.496165
fcd43d14-d64b-4cf8-bc7a-1a1cfc13c005,9100000000461,ef243dcf-5273-4b45-b3cf-2606a8d81564,Customer 762,customer762@test.com,success,78.02,customer_return,2025-07-10 02:00:30.323930
fceb97f1-8bca-4f56-b190-fb17751c79c5,9100000000462,ef44d870-12b5-46c8-a01b-bbbcb024b944,Customer 883,customer883@test.com,success,195.54,customer_return,2025-03-20 17:11:37.289347
c7c1f0bd-94a7-45c3-b9fb-de3e4c157651,9100000000463,ef730fdd-d4f4-4835-97ab-08d5f1499d1e,Customer 434,customer434@test.com,success,99.17,not_as_described,2025-02-25 23:12:13.370614
fd02a071-bb74-4fe8-ba6f-dbea8d30b275,9100000000464,ef730fdd-d4f4-4835-97ab-08d5f1499d1e,Customer 434,customer434@test.com,success,195.93,wrong_item,2025-06-14 20:42:20.603072
9576962d-7318-4a93-b33e-fcc44c68711d,9100000000465,ef730fdd-d4f4-4835-97ab-08d5f1499d1e,Customer 434,customer434@test.com,success,3.36,damaged,2025-06-04 02:17:47.202949
628d6be8-76e5-40ac-9574-095d3d16a7b5,9100000000466,efd6a847-67f4-4262-b1fe-4e4b162c698e,Customer 419,customer419@test.com,success,21.47,not_as_described,2025-03-06 10:45:37.426016
95be3f86-d030-4d58-8225-5d0d89a89375,9100000000467,efec123e-3af6-4357-8887-0bc025406de7,Customer 887,customer887@test.com,success,18.27,wrong_item,2025-06-02 10:27:17.896994
95cc9ee2-4420-432d-b48a-22d1783c43dd,9100000000468,f13c3d0d-ec0e-4994-b1bd-a76c23f43431,Customer 168,customer168@test.com,success,94.00,damaged,2026-01-17 02:20:04.062085
fd5074d2-3698-4a25-b18c-8069bc83cb43,9100000000469,f13c3d0d-ec0e-4994-b1bd-a76c23f43431,Customer 168,customer168@test.com,success,67.23,not_as_described,2026-02-02 12:36:35.191048
c83299d5-a7bc-4447-a398-b6bade7f6f1d,9100000000470,f15385d2-8f14-4f5b-bbdb-3107c5d0e49f,Customer 796,customer796@test.com,success,82.60,not_as_described,2025-08-31 19:54:46.305487
95dbbf62-1f11-4390-9633-a0a1d8e15178,9100000000471,f2141759-047c-4733-8478-6876a6d0d507,Customer 803,customer803@test.com,success,72.00,customer_return,2025-08-24 11:47:00.844542
fd928538-ba24-422c-82e6-9b05fa3bbd73,9100000000472,f231d528-fc3d-4d50-ad09-09c39a7edb83,Customer 779,customer779@test.com,success,63.95,damaged,2025-07-23 17:47:40.904099
c87bd3d5-4e15-4848-b3e2-facc2991b49f,9100000000473,f393627c-aedc-40c4-9e6e-90de2dd08c50,Customer 861,customer861@test.com,success,93.03,damaged,2025-12-12 13:57:10.625572
63482c18-ed3f-4ebd-a5a3-1a4dae7c5a01,9100000000474,f3bc966f-cb75-4a62-bbe2-5c70db8dbc3d,Customer 360,customer360@test.com,success,76.68,damaged,2026-02-04 13:29:47.686676
30383257-3506-4d2c-bbfa-c51060e58cf8,9100000000475,f4c2778a-fd38-46cc-9b64-e5f8a0ceb61c,Customer 118,customer118@test.com,success,81.66,not_as_described,2026-01-28 23:06:40.056326
967eeece-c36f-455b-a6ae-a0afbd15ad6d,9100000000476,f54524ce-1d0d-491f-ac11-3c207fe481df,Customer 413,customer413@test.com,success,66.84,damaged,2025-04-13 02:30:15.965965
309113bc-eace-4a4f-bcd4-657ffc4d956d,9100000000477,f5d57aa8-ed98-42eb-a1b3-2ee2ed03aa6f,Customer 772,customer772@test.com,success,50.33,customer_return,2025-03-07 18:26:57.785215
63e1ec2b-a289-4d1d-8876-b3f82eaf9479,9100000000478,f6001f5c-dd22-4259-8891-a35361720f67,Customer 936,customer936@test.com,success,10.26,customer_return,2025-12-31 07:45:42.121353
63f78655-e50a-4da6-901c-6df617924eb6,9100000000479,f6444fe3-3e50-4a46-a901-be7308028ab4,Customer 358,customer358@test.com,success,1.13,wrong_item,2025-11-10 23:15:54.758392
96f9080d-16bf-49f0-8ee2-9b50b6573b36,9100000000480,f6809555-f835-47f7-a208-b5eec1bcdde4,Customer 332,customer332@test.com,success,95.28,damaged,2025-08-13 07:52:06.506519
c90f255e-6854-40f9-a1ea-62da116495bc,9100000000481,f6bc349a-0f86-4f68-bf41-78bc9db70458,Customer 730,customer730@test.com,success,81.01,wrong_item,2025-11-19 13:16:49.114478
30f80b25-1c16-452c-81b9-04baeeb125f6,9100000000482,f7e3b1eb-7ad6-426b-9204-93d056bcc2a1,Customer 490,customer490@test.com,success,47.63,damaged,2025-12-02 07:17:32.134154
c9227734-efc5-447a-9fe0-9823b0dfdc58,9100000000483,f8a43a89-7598-4b34-a67f-37e9e3e939e2,Customer 214,customer214@test.com,success,49.95,damaged,2025-08-15 05:15:13.481833
64449477-de71-4196-9f6d-c39ed21304d7,9100000000484,f96927b2-701f-40a9-b682-4cb26b034944,Customer 813,customer813@test.com,success,46.29,wrong_item,2025-08-02 04:06:22.974941
97467abe-a664-4363-aa63-0afcc0a973c1,9100000000485,f96927b2-701f-40a9-b682-4cb26b034944,Customer 813,customer813@test.com,success,84.94,damaged,2025-02-22 06:30:07.250324
c93f0639-5992-4e4f-8b5c-bb32be727d2c,9100000000486,f9750329-f7f7-4708-be15-eb489b83fbf8,Customer 117,customer117@test.com,success,20.57,not_as_described,2025-04-12 07:48:06.547081
9766ce39-e6dd-48b5-bcb7-8ac5adfdc039,9100000000487,f9750329-f7f7-4708-be15-eb489b83fbf8,Customer 117,customer117@test.com,success,36.23,customer_return,2026-01-14 21:54:18.174994
644660f7-ef80-48db-8fc9-a9c6fed358fd,9100000000488,f987209b-6179-4e94-a60e-ba555525c325,Customer 219,customer219@test.com,success,136.52,damaged,2026-01-23 17:16:35.598954
c95c8c98-8df3-4c53-8601-8d4c39795ca2,9100000000489,f9b57168-6e81-43db-ade2-e3e59d58a463,Customer 18,customer18@test.com,success,41.42,customer_return,2025-08-30 09:16:35.289866
31585bd4-f63e-421b-b887-b4985f5de360,9100000000490,f9c9426b-1fec-4e08-8e68-e586539cd539,Customer 774,customer774@test.com,success,73.43,damaged,2025-10-05 10:17:27.007972
647ba517-cd90-48d4-a310-b20693d3ae10,9100000000491,fa3599fd-c32a-4243-b0b6-fa26b59deb1c,Customer 394,customer394@test.com,success,90.66,not_as_described,2025-06-18 13:10:58.504452
c98f5119-c3e2-4c5d-8223-a8ba49aa26ab,9100000000492,fa3599fd-c32a-4243-b0b6-fa26b59deb1c,Customer 394,customer394@test.com,success,96.15,not_as_described,2025-09-20 23:02:22.338203
c997952a-2479-412f-bdf3-c6309cc737a7,9100000000493,fa730580-f1fe-47c7-9cbe-c6a4f30d5ad9,Customer 517,customer517@test.com,success,58.85,wrong_item,2025-08-11 15:01:13.601492
ff651328-bbe3-40e0-b9c5-adeb009adb42,9100000000494,fa730580-f1fe-47c7-9cbe-c6a4f30d5ad9,Customer 517,customer517@test.com,success,128.05,customer_return,2025-11-23 05:12:47.166922
317f521c-a692-4b10-a8e4-004cacd9c43d,9100000000495,fb5fc446-bcec-468c-aef7-0db58aeebecc,Customer 969,customer969@test.com,success,13.31,wrong_item,2025-12-20 12:41:12.412419
ff924296-a97f-422d-8d3a-fd89d9a01cd2,9100000000496,fb6aaccb-b876-4116-8b67-8c200ea71099,Customer 553,customer553@test.com,success,160.96,customer_return,2025-04-19 23:04:49.870626
31b2b376-cebe-44d3-b0ca-6e80edf0ea2b,9100000000497,fc2a483f-1b1b-490f-af5b-9eb8c2a0618a,Customer 720,customer720@test.com,success,1.71,damaged,2026-01-31 04:00:50.077484
64ee6ff6-6321-450d-aaea-0b3096978618,9100000000498,fc3a67c4-e77c-4125-ae71-5053531b1530,Customer 314,customer314@test.com,success,62.45,not_as_described,2025-07-10 21:26:29.379502
ffde5e82-b274-4d90-acab-d4bb8b55de8f,9100000000499,fc3c9231-5af6-4143-b5b5-60112a66b451,Customer 292,customer292@test.com,success,2.93,damaged,2025-10-05 21:03:53.521666
97ff1bf1-451b-43c7-8e2d-cadf83a16733,9100000000500,fca7ac82-8fb3-423d-b387-93f9d373c177,Customer 680,customer680@test.com,success,138.68,customer_return,2025-07-26 01:00:14.290226
98193dac-a323-4fdf-815a-f24d1af5c95e,9100000000501,fcb4789d-1454-48cf-82d5-dfce87725595,Customer 180,customer180@test.com,success,68.47,wrong_item,2025-10-10 11:31:21.255738
320190a8-739a-42a7-ba20-13257d8d5f7c,9100000000502,fcc39b31-a6e3-4d9e-a7eb-dbd7c077b72f,Customer 652,customer652@test.com,success,145.78,damaged,2025-11-14 11:12:04.932894
c9d06def-a88c-432a-b56b-d6a26eed0bd4,9100000000503,fcc39b31-a6e3-4d9e-a7eb-dbd7c077b72f,Customer 652,customer652@test.com,success,91.59,damaged,2025-10-05 13:19:16.646462
c9d77852-3199-4ed6-8010-d7b52ed3f298,9100000000504,fd26b4fa-bb68-4d87-bd97-064cf2e6c77d,Customer 387,customer387@test.com,success,28.50,customer_return,2025-07-26 09:56:17.598037
981fa84d-139f-4e40-8002-2ccc87558707,9100000000505,fd65d02d-9ac4-4ec0-b839-fde5a5a290ac,Customer 610,customer610@test.com,success,44.64,damaged,2025-08-03 06:12:06.314144
ca1a3922-7546-468f-b555-2be762dbc9e2,9100000000506,fe12dbe9-7614-4bd7-bd42-dc5901443333,Customer 406,customer406@test.com,success,76.24,customer_return,2025-12-29 12:45:23.856592
657a046b-65be-4b89-851d-a15dd23679ca,9100000000507,fe1785bf-ec4b-4866-8bd8-09285dde2d3c,Customer 624,customer624@test.com,success,75.69,damaged,2025-12-07 10:44:06.065740
984a1f17-a31a-4e9a-8669-f5d1ba097469,9100000000508,fe1785bf-ec4b-4866-8bd8-09285dde2d3c,Customer 624,customer624@test.com,success,1.51,not_as_described,2025-08-30 13:44:48.318357
32502011-39ca-4b1a-968a-1f00c672cbea,9100000000509,fe1785bf-ec4b-4866-8bd8-09285dde2d3c,Customer 624,customer624@test.com,success,8.33,customer_return,2025-07-17 20:00:38.161117
ca42ec97-c635-44dd-b65a-4c9efd22583d,9100000000510,fe2de999-5f13-4876-b7a1-2fdfbe59f89b,Customer 676,customer676@test.com,success,16.90,wrong_item,2025-08-06 21:18:21.046167
328b631d-af6f-4ab3-ae80-4ae72d78fd3c,9100000000511,fe9583e5-3281-4668-b95f-5275279bd146,Customer 687,customer687@test.com,success,194.76,wrong_item,2025-07-04 00:07:26.439214
661fa46b-5f9d-4a98-95d3-6cdfdd433058,9100000000512,ffc2ecd2-5071-48b7-9f0f-c8916cbf3e13,Customer 197,customer197@test.com,success,80.52,customer_return,2025-04-09 15:42:14.291362
